-- Generation time: Wed, 15 Apr 2020 15:41:12 +0000
-- Host: mysql.hostinger.ro
-- DB name: u574849695_24
/*!40030 SET NAMES UTF8 */;
/*!40101 SET @OLD_CHARACTER_SET_CLIENT=@@CHARACTER_SET_CLIENT */;
/*!40101 SET @OLD_CHARACTER_SET_RESULTS=@@CHARACTER_SET_RESULTS */;
/*!40101 SET @OLD_COLLATION_CONNECTION=@@COLLATION_CONNECTION */;
/*!40103 SET @OLD_TIME_ZONE=@@TIME_ZONE */;
/*!40103 SET TIME_ZONE='+00:00' */;
/*!40014 SET @OLD_UNIQUE_CHECKS=@@UNIQUE_CHECKS, UNIQUE_CHECKS=0 */;
/*!40014 SET @OLD_FOREIGN_KEY_CHECKS=@@FOREIGN_KEY_CHECKS, FOREIGN_KEY_CHECKS=0 */;
/*!40101 SET @OLD_SQL_MODE=@@SQL_MODE, SQL_MODE='NO_AUTO_VALUE_ON_ZERO' */;
/*!40111 SET @OLD_SQL_NOTES=@@SQL_NOTES, SQL_NOTES=0 */;

DROP TABLE IF EXISTS `communities`;
CREATE TABLE `communities` (
  `id` bigint(20) unsigned NOT NULL AUTO_INCREMENT,
  `name` varchar(150) COLLATE utf8_unicode_ci DEFAULT NULL,
  PRIMARY KEY (`id`),
  KEY `communities_name_idx` (`name`)
) ENGINE=InnoDB AUTO_INCREMENT=101 DEFAULT CHARSET=utf8 COLLATE=utf8_unicode_ci;

INSERT INTO `communities` VALUES ('10','ab'),
('42','ad'),
('71','ad'),
('93','architecto'),
('35','aut'),
('76','aut'),
('70','blanditiis'),
('29','commodi'),
('89','commodi'),
('8','corrupti'),
('20','cupiditate'),
('46','delectus'),
('25','distinctio'),
('7','dolor'),
('54','dolore'),
('77','dolore'),
('23','dolorem'),
('51','dolorem'),
('59','dolorem'),
('90','dolorem'),
('53','dolores'),
('18','dolorum'),
('5','ea'),
('47','ea'),
('68','eaque'),
('96','enim'),
('2','error'),
('92','error'),
('26','est'),
('75','est'),
('97','est'),
('37','et'),
('49','et'),
('57','et'),
('65','et'),
('67','et'),
('78','et'),
('4','eum'),
('79','explicabo'),
('82','illo'),
('52','impedit'),
('6','ipsa'),
('39','ipsum'),
('58','iste'),
('73','itaque'),
('3','iusto'),
('87','labore'),
('64','laboriosam'),
('94','laborum'),
('13','magni'),
('91','magni'),
('81','necessitatibus'),
('66','nihil'),
('12','non'),
('41','nostrum'),
('30','nulla'),
('80','odio'),
('34','odit'),
('36','omnis'),
('62','omnis'),
('98','omnis'),
('69','placeat'),
('24','possimus'),
('50','praesentium'),
('32','provident'),
('16','qui'),
('56','qui'),
('14','quia'),
('60','quia'),
('83','quia'),
('38','quisquam'),
('99','quos'),
('85','ratione'),
('22','repellendus'),
('84','repellendus'),
('44','reprehenderit'),
('48','reprehenderit'),
('1','rerum'),
('95','rerum'),
('72','sapiente'),
('19','sed'),
('63','sed'),
('45','sequi'),
('74','sint'),
('55','sit'),
('40','soluta'),
('11','sunt'),
('28','suscipit'),
('61','suscipit'),
('9','temporibus'),
('43','tenetur'),
('17','ut'),
('31','ut'),
('33','ut'),
('88','ut'),
('100','ut'),
('86','veritatis'),
('15','voluptas'),
('27','voluptas'),
('21','voluptatem'); 


DROP TABLE IF EXISTS `friend_requests`;
CREATE TABLE `friend_requests` (
  `initiator_user_id` bigint(20) unsigned NOT NULL,
  `target_user_id` bigint(20) unsigned NOT NULL,
  `status` enum('requested','approved','unfriended','declined') COLLATE utf8_unicode_ci DEFAULT NULL,
  `requested_at` datetime DEFAULT current_timestamp(),
  `confirmed_at` datetime DEFAULT NULL,
  PRIMARY KEY (`initiator_user_id`,`target_user_id`),
  KEY `initiator_user_id` (`initiator_user_id`),
  KEY `target_user_id` (`target_user_id`),
  CONSTRAINT `friend_requests_ibfk_1` FOREIGN KEY (`initiator_user_id`) REFERENCES `users` (`id`),
  CONSTRAINT `friend_requests_ibfk_2` FOREIGN KEY (`target_user_id`) REFERENCES `users` (`id`)
) ENGINE=InnoDB DEFAULT CHARSET=utf8 COLLATE=utf8_unicode_ci;

INSERT INTO `friend_requests` VALUES ('1','1','declined','1992-04-10 23:40:52','1993-06-22 12:20:32'),
('2','2','requested','1977-04-27 21:43:44','1977-04-21 15:22:53'),
('3','3','approved','1973-12-03 13:46:12','2010-05-11 10:35:26'),
('4','4','approved','1971-06-02 17:54:36','1981-11-18 00:32:59'),
('5','5','requested','1972-04-03 18:31:40','2008-05-01 14:11:01'),
('6','6','approved','1982-11-28 22:58:16','2010-01-12 14:16:21'),
('7','7','declined','1994-10-02 13:55:14','1972-06-01 09:32:06'),
('8','8','declined','2005-09-07 23:07:08','1999-01-30 19:21:17'),
('9','9','requested','2003-02-08 06:36:46','2019-08-09 03:32:04'),
('10','10','unfriended','1996-05-04 04:12:25','1970-01-27 10:18:44'),
('11','11','approved','2012-12-20 22:27:15','2013-04-23 22:36:41'),
('12','12','declined','1994-12-06 17:52:25','1974-03-15 08:21:35'),
('13','13','unfriended','2015-10-31 23:55:33','2001-09-15 23:12:30'),
('14','14','declined','2009-07-19 03:45:55','1980-03-17 12:55:20'),
('15','15','declined','1991-08-02 21:32:51','1986-11-24 03:29:14'),
('16','16','declined','1985-08-17 12:57:32','1994-02-27 18:27:30'),
('17','17','approved','2004-01-02 07:41:43','2010-08-30 10:04:39'),
('18','18','requested','1977-07-12 05:35:00','1996-06-20 05:35:16'),
('19','19','unfriended','1992-02-25 15:41:28','1978-11-29 22:07:56'),
('20','20','declined','1972-06-03 10:47:19','2013-05-13 13:31:04'),
('21','21','unfriended','1982-05-26 21:01:23','1977-02-11 22:25:02'),
('22','22','declined','1970-01-26 22:43:45','2008-10-23 21:45:19'),
('23','23','requested','1998-02-22 07:31:11','1973-12-29 05:58:01'),
('24','24','approved','2018-08-26 05:10:22','1984-09-04 03:19:17'),
('25','25','declined','1998-01-16 04:21:15','1971-02-12 17:43:18'),
('26','26','requested','1996-06-18 17:25:08','1980-07-14 13:56:53'),
('27','27','requested','2011-02-05 04:33:50','1986-12-08 01:42:43'),
('28','28','declined','2001-12-20 19:17:05','1975-10-24 19:47:31'),
('29','29','approved','2017-10-15 01:26:52','1980-10-11 01:15:56'),
('30','30','unfriended','1976-01-21 08:54:27','1992-07-15 21:01:38'),
('31','31','requested','1972-01-08 22:31:43','2018-01-25 18:11:40'),
('32','32','declined','1974-06-01 15:52:42','1974-03-17 12:52:38'),
('33','33','declined','1972-05-11 20:05:33','1987-05-04 01:08:52'),
('34','34','declined','2018-06-21 06:57:21','1996-04-25 17:47:47'),
('35','35','unfriended','1995-06-21 03:22:03','1971-09-11 09:13:46'),
('36','36','declined','2001-01-07 05:21:27','2003-03-05 09:23:25'),
('37','37','declined','1998-09-09 16:08:30','1987-07-09 03:02:54'),
('38','38','approved','1980-07-09 08:50:16','1990-04-18 06:45:44'),
('39','39','approved','1975-05-05 08:13:28','2008-06-28 21:30:40'),
('40','40','unfriended','1986-05-27 19:12:34','2002-09-07 23:00:43'),
('41','41','unfriended','1995-09-23 19:44:19','2002-06-20 08:39:30'),
('42','42','unfriended','1994-11-09 16:51:04','2001-10-08 10:25:21'),
('43','43','unfriended','1983-05-02 23:52:39','1973-06-29 11:16:17'),
('44','44','approved','1972-10-08 21:51:52','2004-01-06 20:42:05'),
('45','45','unfriended','1972-02-01 20:56:46','2014-08-25 15:43:10'),
('46','46','requested','2012-03-23 05:43:14','2013-12-18 19:47:46'),
('47','47','approved','1999-03-09 14:06:28','2018-11-15 20:00:46'),
('48','48','declined','1987-06-06 22:38:04','1979-08-28 23:59:48'),
('49','49','requested','2002-09-16 08:23:38','1987-02-05 00:32:55'),
('50','50','approved','2017-08-12 17:45:58','2013-04-27 07:38:17'),
('51','51','approved','1994-05-26 04:34:31','1985-12-30 06:59:10'),
('52','52','approved','1983-08-11 07:29:54','1996-06-18 20:39:11'),
('53','53','requested','2014-12-25 02:28:21','2011-04-08 03:14:43'),
('54','54','unfriended','1995-05-21 03:51:49','1971-10-15 17:45:47'),
('55','55','unfriended','2012-11-18 12:54:14','2013-08-15 17:16:17'),
('56','56','unfriended','2006-06-04 18:01:08','2017-01-05 08:25:22'),
('57','57','unfriended','2007-10-16 20:12:18','1996-10-03 15:09:36'),
('58','58','requested','1989-06-21 19:30:16','2005-07-24 16:08:54'),
('59','59','requested','1998-12-04 07:19:51','2001-02-23 10:27:28'),
('60','60','requested','1988-01-11 20:13:20','1982-10-03 06:23:35'),
('61','61','approved','2010-07-28 22:46:53','1981-12-20 00:33:30'),
('62','62','unfriended','1982-06-23 12:38:58','1993-02-13 13:51:20'),
('63','63','unfriended','1973-01-18 12:17:02','2008-01-18 14:33:37'),
('64','64','approved','2005-08-31 18:05:09','2003-03-23 08:25:32'),
('65','65','declined','1970-01-28 05:15:27','1984-01-13 16:36:24'),
('66','66','unfriended','2000-08-20 16:33:16','2009-04-23 16:08:31'),
('67','67','approved','1992-06-12 23:40:54','2005-03-31 12:08:04'),
('68','68','requested','1983-11-14 18:37:16','1990-09-06 19:31:41'),
('69','69','requested','1989-05-19 15:04:01','2012-08-14 16:24:04'),
('70','70','declined','2001-11-05 00:36:37','2010-09-26 00:18:26'),
('71','71','approved','1970-09-08 08:35:19','2000-08-05 06:52:46'),
('72','72','approved','2003-08-08 23:59:36','1978-08-04 18:08:56'),
('73','73','unfriended','1984-10-12 19:15:00','1977-11-16 15:54:41'),
('74','74','declined','2000-11-19 00:19:21','1987-10-08 22:44:03'),
('75','75','unfriended','1989-02-19 09:00:17','1985-10-16 07:42:31'),
('76','76','declined','2006-07-02 01:26:13','1986-08-30 13:37:35'),
('77','77','declined','1991-04-21 09:44:53','1990-01-27 05:53:10'),
('78','78','requested','2016-01-04 05:47:58','2003-04-06 16:33:14'),
('79','79','approved','1994-06-01 17:00:27','1981-10-20 23:49:01'),
('80','80','declined','1995-09-26 16:42:56','1977-11-09 03:24:21'),
('81','81','unfriended','2019-10-30 00:09:21','2004-08-05 11:46:04'),
('82','82','unfriended','1995-11-07 02:01:55','2004-03-29 11:23:18'),
('83','83','unfriended','2019-08-31 07:37:41','1996-01-30 10:59:38'),
('84','84','unfriended','1988-09-19 04:38:30','1973-11-15 09:22:06'),
('85','85','declined','2008-08-25 09:35:51','2010-09-02 03:38:05'),
('86','86','requested','1973-11-10 23:52:27','1988-11-07 06:00:41'),
('87','87','unfriended','1973-07-03 09:25:53','2000-04-09 03:05:54'),
('88','88','unfriended','1983-06-10 20:01:08','2000-11-29 15:13:43'),
('89','89','approved','1990-12-22 07:58:05','2018-05-14 17:23:10'),
('90','90','requested','2005-04-06 19:42:57','1990-12-17 09:32:10'),
('91','91','declined','2013-06-29 05:47:17','1983-06-01 22:29:45'),
('92','92','approved','2014-07-07 05:39:12','2005-03-19 16:47:51'),
('93','93','unfriended','1998-12-20 06:18:28','1973-03-05 02:17:43'),
('94','94','approved','1983-06-29 00:03:44','2010-10-15 12:54:15'),
('95','95','approved','1999-11-09 20:50:56','1981-09-10 01:11:37'),
('96','96','requested','1992-09-29 17:21:36','2017-05-16 21:20:02'),
('97','97','declined','1989-07-22 13:29:34','2007-12-20 05:25:18'),
('98','98','requested','2004-04-23 19:46:25','1988-08-27 18:07:43'),
('99','99','approved','2013-03-10 19:09:12','1998-12-27 09:38:34'),
('100','100','declined','1994-08-12 12:21:02','2014-10-20 21:37:00'); 


DROP TABLE IF EXISTS `likes`;
CREATE TABLE `likes` (
  `id` bigint(20) unsigned NOT NULL AUTO_INCREMENT,
  `user_id` bigint(20) unsigned NOT NULL,
  `media_id` bigint(20) unsigned NOT NULL,
  `created_at` datetime DEFAULT current_timestamp(),
  PRIMARY KEY (`id`),
  KEY `user_id` (`user_id`),
  KEY `media_id` (`media_id`),
  CONSTRAINT `likes_ibfk_1` FOREIGN KEY (`user_id`) REFERENCES `users` (`id`),
  CONSTRAINT `likes_ibfk_2` FOREIGN KEY (`media_id`) REFERENCES `media` (`id`)
) ENGINE=InnoDB AUTO_INCREMENT=101 DEFAULT CHARSET=utf8 COLLATE=utf8_unicode_ci;

INSERT INTO `likes` VALUES ('1','1','1','1990-07-18 03:11:56'),
('2','2','2','1998-05-10 20:52:06'),
('3','3','3','2003-02-21 16:09:37'),
('4','4','4','2007-05-28 08:09:32'),
('5','5','5','2020-04-09 02:10:32'),
('6','6','6','2012-03-04 12:18:06'),
('7','7','7','2004-06-25 03:06:33'),
('8','8','8','1991-02-03 13:29:57'),
('9','9','9','2008-07-03 23:12:28'),
('10','10','10','2009-03-02 06:33:43'),
('11','11','11','2019-01-20 11:37:12'),
('12','12','12','1981-10-31 12:18:58'),
('13','13','13','1974-09-17 16:00:35'),
('14','14','14','2014-08-30 07:35:47'),
('15','15','15','2002-04-30 14:29:56'),
('16','16','16','1986-03-08 16:39:45'),
('17','17','17','1973-01-30 06:46:16'),
('18','18','18','1997-08-23 04:05:10'),
('19','19','19','2003-06-09 04:33:56'),
('20','20','20','1980-09-01 13:10:22'),
('21','21','21','1970-04-30 01:41:56'),
('22','22','22','1984-02-15 01:19:10'),
('23','23','23','1979-09-16 17:29:55'),
('24','24','24','1985-03-31 05:55:14'),
('25','25','25','2008-07-09 11:35:38'),
('26','26','26','2000-01-02 17:59:08'),
('27','27','27','2018-01-20 11:33:05'),
('28','28','28','2019-03-28 05:29:32'),
('29','29','29','1972-03-20 10:49:44'),
('30','30','30','2017-10-29 13:46:33'),
('31','31','31','2018-02-18 08:58:41'),
('32','32','32','1995-12-18 11:20:51'),
('33','33','33','1991-04-06 01:34:28'),
('34','34','34','1994-05-22 01:20:04'),
('35','35','35','2008-08-13 03:36:33'),
('36','36','36','2015-09-28 09:42:42'),
('37','37','37','2013-09-25 05:04:05'),
('38','38','38','2007-01-31 07:23:09'),
('39','39','39','2012-01-31 07:36:30'),
('40','40','40','2019-09-16 04:37:13'),
('41','41','41','2010-11-24 01:25:54'),
('42','42','42','2008-09-25 12:22:09'),
('43','43','43','2001-04-04 17:46:15'),
('44','44','44','1998-05-25 16:49:50'),
('45','45','45','2003-05-05 23:28:05'),
('46','46','46','2004-08-20 07:00:19'),
('47','47','47','1991-09-21 08:17:03'),
('48','48','48','1985-03-19 12:07:48'),
('49','49','49','1992-10-05 14:20:25'),
('50','50','50','2006-08-20 02:04:30'),
('51','51','51','2001-01-28 17:24:48'),
('52','52','52','1998-12-27 21:22:02'),
('53','53','53','2009-11-13 05:38:11'),
('54','54','54','1987-09-11 19:19:23'),
('55','55','55','2008-01-20 02:31:08'),
('56','56','56','1970-04-16 12:50:39'),
('57','57','57','2006-02-25 13:36:05'),
('58','58','58','1996-09-24 18:11:17'),
('59','59','59','2016-08-16 04:42:07'),
('60','60','60','2000-01-08 04:40:47'),
('61','61','61','1973-09-26 17:21:05'),
('62','62','62','1988-05-18 11:38:49'),
('63','63','63','1974-08-05 09:45:40'),
('64','64','64','1999-10-02 23:50:58'),
('65','65','65','1977-10-26 20:50:40'),
('66','66','66','1976-09-26 04:56:53'),
('67','67','67','2017-04-14 23:07:26'),
('68','68','68','1982-01-05 08:16:56'),
('69','69','69','1987-05-20 16:14:27'),
('70','70','70','2003-04-17 16:54:21'),
('71','71','71','1994-10-06 21:54:09'),
('72','72','72','1987-07-16 09:59:08'),
('73','73','73','1994-04-16 00:22:21'),
('74','74','74','1993-02-23 03:23:36'),
('75','75','75','1996-04-28 00:30:43'),
('76','76','76','1979-01-29 20:35:08'),
('77','77','77','2003-04-27 19:17:02'),
('78','78','78','2008-10-05 14:41:50'),
('79','79','79','1979-03-01 04:05:03'),
('80','80','80','2002-01-29 01:44:31'),
('81','81','81','2016-08-11 07:46:26'),
('82','82','82','1975-07-28 18:30:35'),
('83','83','83','1982-11-28 01:13:26'),
('84','84','84','1977-01-18 14:32:21'),
('85','85','85','2007-10-04 16:50:17'),
('86','86','86','2006-12-27 02:10:21'),
('87','87','87','2009-11-17 16:37:58'),
('88','88','88','2007-04-09 20:11:52'),
('89','89','89','2016-02-07 10:28:18'),
('90','90','90','1983-01-05 05:01:17'),
('91','91','91','2004-01-26 07:48:35'),
('92','92','92','1974-04-18 14:37:36'),
('93','93','93','2004-02-26 20:11:48'),
('94','94','94','1993-07-24 23:16:18'),
('95','95','95','2001-05-02 12:54:52'),
('96','96','96','1971-07-04 05:34:02'),
('97','97','97','1978-07-08 02:20:28'),
('98','98','98','1990-11-10 22:07:07'),
('99','99','99','2006-10-27 14:25:42'),
('100','100','100','2008-07-23 23:20:05'); 


DROP TABLE IF EXISTS `media`;
CREATE TABLE `media` (
  `id` bigint(20) unsigned NOT NULL AUTO_INCREMENT,
  `media_type_id` bigint(20) unsigned NOT NULL,
  `user_id` bigint(20) unsigned NOT NULL,
  `body` text COLLATE utf8_unicode_ci DEFAULT NULL,
  `filename` varchar(255) COLLATE utf8_unicode_ci DEFAULT NULL,
  `size` int(11) DEFAULT NULL,
  `metadata` longtext CHARACTER SET utf8mb4 COLLATE utf8mb4_bin DEFAULT NULL,
  `created_at` datetime DEFAULT current_timestamp(),
  `updated_at` datetime DEFAULT current_timestamp() ON UPDATE current_timestamp(),
  PRIMARY KEY (`id`),
  KEY `user_id` (`user_id`),
  KEY `media_type_id` (`media_type_id`),
  CONSTRAINT `media_ibfk_1` FOREIGN KEY (`user_id`) REFERENCES `users` (`id`),
  CONSTRAINT `media_ibfk_2` FOREIGN KEY (`media_type_id`) REFERENCES `media_types` (`id`)
) ENGINE=InnoDB AUTO_INCREMENT=101 DEFAULT CHARSET=utf8 COLLATE=utf8_unicode_ci;

INSERT INTO `media` VALUES ('1','1','1','Repudiandae harum sed aliquid reprehenderit provident. Ut tenetur ipsam libero et distinctio corporis ea.','dolores','231834',NULL,'1987-01-25 11:11:03','2000-12-10 01:26:35'),
('2','2','2','Illo impedit voluptatibus in labore praesentium commodi. Sit error illum ut est ad aut. Quibusdam quo eos qui minus. Maxime saepe veniam rerum modi molestias autem rem.','veritatis','229840',NULL,'1998-07-29 08:41:03','1973-05-13 14:05:40'),
('3','3','3','Voluptatibus labore quo perspiciatis ullam eaque fugit. Occaecati explicabo impedit at fugit qui dolor. Adipisci quo unde rem rem. Soluta velit quia aut error excepturi incidunt quidem deleniti.','ad','7995',NULL,'2019-01-10 13:44:18','1976-02-05 09:05:57'),
('4','4','4','Quo reprehenderit porro quae qui rerum. In fuga hic voluptatem iste laboriosam qui. Repellendus nostrum qui qui.','enim','81091',NULL,'1995-02-09 10:45:43','2003-06-03 06:51:22'),
('5','5','5','Ut occaecati et sequi dolor placeat sit et. Tempora dolorem consectetur nesciunt. Adipisci autem iusto cupiditate aut. Praesentium molestiae autem eaque aut ut.','neque','68740472',NULL,'2008-06-06 04:40:03','1996-09-04 09:07:50'),
('6','6','6','Quod vel animi minus reprehenderit dolorum. Et commodi maiores dolores distinctio et. Occaecati consectetur omnis pariatur autem ut placeat accusantium.','libero','1',NULL,'1975-04-14 18:51:54','1993-08-10 00:49:06'),
('7','7','7','Et quasi velit numquam sed nihil tempore esse. Ducimus rerum occaecati quis. Aliquam in aut ea natus sapiente. Omnis doloremque reprehenderit asperiores voluptatem.','et','9975',NULL,'2009-08-10 04:23:37','2003-06-01 15:56:26'),
('8','8','8','Nostrum reiciendis velit voluptas reprehenderit. Corporis culpa ut laboriosam. Saepe voluptas dolorum voluptate soluta sunt id ipsam quisquam. Consectetur eveniet rerum nostrum ad. Praesentium quod cum tempore cupiditate cumque doloremque.','saepe','86424',NULL,'1973-09-28 12:38:45','2005-11-27 13:06:38'),
('9','9','9','Magni voluptas voluptatem architecto ut. Rerum fuga autem qui sequi corrupti voluptatibus ut.','laborum','6361',NULL,'1989-02-04 12:11:58','2003-07-23 03:12:26'),
('10','10','10','Est ut dolores minima nihil. Saepe omnis quia nulla quod ratione totam. Tempora omnis velit qui in corporis odio quae. Autem magni quia et eum.','voluptates','87',NULL,'2001-01-06 10:13:46','2016-06-05 22:06:02'),
('11','11','11','Quas id quisquam odio facilis similique. Non in unde magnam adipisci. Atque eius ea tenetur quae.','qui','82105482',NULL,'2007-12-13 19:07:35','1987-01-06 04:47:44'),
('12','12','12','Sit reprehenderit veritatis quia incidunt quia enim harum. Et aut sequi molestiae omnis tempore sunt facilis. Dolores exercitationem ut aliquid est. Tempora ut incidunt sunt omnis.','fuga','0',NULL,'1979-04-01 05:38:43','1990-05-03 12:11:38'),
('13','13','13','Velit iure voluptatum veritatis ut. Doloremque quam sunt iusto consequatur nisi aut et. Beatae est nihil odit aut saepe perferendis.','et','0',NULL,'2015-02-18 07:13:18','2006-10-28 03:46:00'),
('14','14','14','Ipsam minima dignissimos nihil rerum numquam incidunt rerum tenetur. Id unde sapiente et quia. Consequatur id illum nostrum minima.','asperiores','4242',NULL,'1977-11-29 11:57:23','2019-02-16 18:59:21'),
('15','15','15','Iste qui magnam quod laudantium veniam ipsum. Quos pariatur deserunt qui recusandae deserunt qui. Cumque nam ut aut illo aliquid sunt maxime commodi. In eos possimus eveniet laborum dolore ipsam odit. Accusantium ad at nemo aut et recusandae tempora.','sequi','552399',NULL,'2003-01-25 01:53:40','2005-04-15 10:50:48'),
('16','16','16','Blanditiis dolor sit sequi et eius. Tempora rerum numquam harum. Quo autem perferendis et impedit molestias delectus. Velit consequatur tenetur quasi voluptatibus.','temporibus','0',NULL,'2002-07-31 00:36:16','1988-07-15 02:53:59'),
('17','17','17','Aut aut et cum. Fugiat itaque numquam esse beatae ea adipisci. Ratione unde nobis et natus. Magni odit repellendus quidem nemo nulla tenetur unde. Commodi autem eos et consequuntur sit unde.','harum','3',NULL,'2008-05-21 10:49:03','2000-12-17 00:57:23'),
('18','18','18','Quo facere sed ipsam. Consequatur et quis perferendis dolores enim. Et voluptatum dolorem voluptates nesciunt ab maxime.','aut','0',NULL,'1995-04-10 23:09:21','1976-02-15 17:06:04'),
('19','19','19','Harum repellat et eius sunt optio fuga. Molestias qui tempore porro totam. Eum error nemo est blanditiis quas. Quisquam nihil sunt omnis omnis eos illo.','ut','1',NULL,'1975-06-25 20:25:35','2013-02-25 18:46:19'),
('20','20','20','Fugiat facilis ut et mollitia ut delectus quia nihil. Ipsum aliquid nulla esse voluptate eum. Qui nostrum vero quasi asperiores architecto omnis consequuntur labore.','dolore','0',NULL,'2015-12-30 00:34:34','1987-07-28 10:35:40'),
('21','21','21','Ducimus quia temporibus eos voluptatem. Debitis aut repellendus sed consectetur ipsa odit. Et quidem aut velit voluptatem. Tempore voluptatem pariatur est asperiores.','cum','1',NULL,'2003-07-21 21:59:10','2015-06-22 01:52:33'),
('22','22','22','Sapiente unde perspiciatis eveniet. Quam voluptatem est iusto officia iure. Labore accusantium est corrupti optio qui.','expedita','731931',NULL,'1998-01-18 08:27:21','1982-12-08 23:10:31'),
('23','23','23','Et amet natus nobis suscipit architecto. Et totam sunt eligendi perspiciatis. Facilis molestiae vel officiis tempore cum at iste cupiditate. Quas repellat hic provident quam consequatur est molestiae.','nulla','89051',NULL,'1979-09-11 10:44:01','1982-09-17 06:37:18'),
('24','24','24','Quod possimus maxime laborum ea. Aut eum est aut expedita voluptatibus. Debitis id provident optio quasi vel placeat. Est laudantium voluptatem nihil cumque alias qui.','tenetur','490',NULL,'1980-05-15 18:21:32','1999-08-12 14:58:00'),
('25','25','25','Quidem rerum excepturi dolorem quia debitis voluptatem nemo repellat. Ea tempore fugit quidem magnam repudiandae est maxime.','vero','498367',NULL,'1993-10-12 02:56:06','1987-07-23 18:11:22'),
('26','26','26','Pariatur qui debitis id sint et. Error voluptas ullam incidunt sapiente vel cupiditate sed. Adipisci officiis libero qui assumenda quidem voluptas.','vitae','78',NULL,'2013-01-11 14:53:43','1992-10-29 23:30:58'),
('27','27','27','Aliquid at consequatur quo perspiciatis tenetur ab. Ut sit optio odit aut iusto cum.','architecto','4',NULL,'2003-04-13 03:27:21','2000-04-25 23:44:43'),
('28','28','28','Qui delectus reprehenderit ex. Quis architecto inventore sunt odio aut delectus quae unde. Adipisci dolore et totam illum error. Omnis et ipsum molestias.','eveniet','72',NULL,'1987-12-05 04:28:03','1997-10-18 06:58:56'),
('29','29','29','Reprehenderit sed nam non quisquam alias. Culpa dolores voluptas iusto. Dolore consequuntur nesciunt quae hic. Omnis quae eveniet culpa perferendis nobis et.','officiis','556',NULL,'1984-12-31 09:33:05','1994-06-25 08:15:17'),
('30','30','30','Voluptas aspernatur voluptas et repudiandae sed veniam quia. Autem non ut voluptatibus voluptate sit. Laborum sunt quasi rerum aut nihil accusamus. Consequatur et illum tenetur adipisci dignissimos recusandae doloremque.','sint','7086',NULL,'2019-01-02 21:10:48','1970-01-11 07:09:17'),
('31','31','31','Est omnis delectus sit aliquam voluptas ratione ut. Quis quod quibusdam cupiditate magni non architecto. Alias autem eligendi placeat vitae.','molestiae','71',NULL,'1976-11-28 10:41:19','1994-03-03 14:41:33'),
('32','32','32','Quos eveniet tempora sint fuga reprehenderit. Voluptas eos et hic dicta. Ab quis veniam voluptatum dolorum ab reprehenderit et dignissimos. Explicabo corporis quasi itaque.','quisquam','177262072',NULL,'2010-04-16 06:41:17','1975-09-16 15:21:03'),
('33','33','33','Dolorum aut sit earum ipsum. Ut eius eum odit qui dolorem quisquam dolorem sed. Sint molestiae aut magni quis facilis aut.','harum','1145',NULL,'1990-03-09 16:23:27','1996-09-19 19:00:17'),
('34','34','34','Velit qui architecto atque quas. Consequatur rerum maiores vel nobis quasi. Optio debitis consequatur dolorem.','quaerat','68323190',NULL,'2006-03-16 12:39:28','2015-05-17 17:14:03'),
('35','35','35','Facilis quos sed suscipit sequi harum. Est iure sed omnis voluptatum ipsa. Odit necessitatibus veritatis aperiam nemo sit.','nobis','3233249',NULL,'1975-02-11 01:47:40','1990-08-27 13:25:08'),
('36','36','36','Inventore dolores iusto ut. Libero laudantium voluptates sint est. Sunt consectetur voluptatibus temporibus. Doloremque id sunt voluptates ratione soluta. Omnis sit nisi rerum nihil maxime.','dolorum','18564615',NULL,'2019-11-07 15:56:44','2007-08-19 01:17:45'),
('37','37','37','Sed molestiae vitae et nostrum eos hic. Tempora quidem a non autem. Qui odit minima quas dolor. Occaecati magni labore optio impedit molestiae.','nulla','944572090',NULL,'1992-08-24 00:42:37','2005-08-11 11:22:38'),
('38','38','38','Expedita similique doloremque dolorem. Enim facilis qui facere rerum sunt. Et tempore quaerat eum voluptatem accusantium est libero. Eius id maxime aut natus.','enim','985973',NULL,'2008-01-04 13:10:24','1975-08-16 19:36:41'),
('39','39','39','Velit omnis aliquam dolorem omnis est reprehenderit quas. Et quis facilis quis voluptate sapiente beatae. Consectetur molestiae fugit voluptatem enim dolorem facere. Quis corporis similique quam blanditiis natus ut.','architecto','256878050',NULL,'2006-03-11 16:50:47','1987-08-28 15:54:23'),
('40','40','40','Laboriosam nesciunt quia architecto excepturi et. Est ullam ut aspernatur eum officia et quo. Molestias quis accusantium non dolorum eaque enim.','similique','94138308',NULL,'2005-07-13 11:42:54','1988-04-24 05:33:03'),
('41','41','41','Voluptates aut quidem est blanditiis illum ipsa. Molestias vero est non. Saepe enim exercitationem non quos aut facere. Dolores et error voluptatum dolorum modi saepe voluptatem non.','temporibus','663',NULL,'1981-04-16 03:07:31','1977-08-06 10:51:08'),
('42','42','42','Magni voluptatem consectetur enim. Aliquam et enim vel ipsa. Odio repellat ipsam nisi dolores. Quis laudantium illum voluptatem cupiditate omnis. Nisi animi aut et quos sit ut.','assumenda','485741921',NULL,'1996-09-30 04:43:16','1987-12-17 09:09:25'),
('43','43','43','Aperiam nesciunt temporibus in deserunt dignissimos cumque. Velit sint voluptatum adipisci vel. Magni debitis impedit occaecati qui ut aut. Repellendus unde ullam eos animi similique.','voluptatibus','52',NULL,'2017-05-15 15:11:55','2011-08-03 18:11:09'),
('44','44','44','Cupiditate itaque qui ut id veritatis quis id. Unde ea non accusantium.','iste','53374',NULL,'2006-09-06 11:26:11','1976-01-17 00:52:05'),
('45','45','45','Voluptate dolorem aspernatur nisi deserunt qui doloremque autem. Tempora quaerat aliquam cumque suscipit et inventore inventore eum. Amet totam eaque voluptas voluptatem nostrum molestiae. Consequatur incidunt temporibus voluptatum ipsam.','voluptatem','14906',NULL,'2014-12-14 21:17:34','1997-06-02 03:55:59'),
('46','46','46','Omnis accusantium nobis tenetur sit eligendi. Ea neque magnam rem labore similique quia modi. Enim veniam inventore fuga libero assumenda ut iusto dolor.','vitae','48829489',NULL,'2019-02-25 23:41:39','2016-03-11 13:43:19'),
('47','47','47','Rerum autem aut culpa voluptatum et quod. Accusantium odit consequuntur officia. Sit quo hic magnam et suscipit accusantium.','similique','379473897',NULL,'2015-07-31 05:46:32','1989-03-12 21:59:33'),
('48','48','48','Aut praesentium consequatur similique eos fuga recusandae. Explicabo quia eveniet amet et.','at','5576343',NULL,'2010-11-28 15:29:06','1989-07-20 09:50:00'),
('49','49','49','Et dolor placeat similique repellat enim reiciendis. Est ut consequuntur ut sint.','rem','0',NULL,'1991-01-17 11:21:13','1983-02-27 05:10:50'),
('50','50','50','Aperiam praesentium temporibus delectus voluptatem omnis molestiae mollitia voluptas. Aut quod molestiae voluptatibus illum quaerat architecto inventore doloremque. Consequuntur sequi vel consequuntur.','qui','422',NULL,'2007-01-28 15:06:16','2001-05-13 01:18:50'),
('51','51','51','Officia corporis officia eveniet. Occaecati molestiae nesciunt architecto quae expedita consequuntur ut. Exercitationem quisquam nisi veniam at ad ut.','suscipit','734242',NULL,'1994-01-03 21:02:42','1983-04-16 16:28:29'),
('52','52','52','Delectus consectetur omnis modi aperiam quia. Quia praesentium sint maiores odit ullam est. In qui non rerum necessitatibus minus.','quis','0',NULL,'1992-02-02 04:00:55','1987-12-20 17:55:01'),
('53','53','53','Voluptates omnis tenetur numquam est. Recusandae ipsa magni sit aut suscipit veniam cupiditate. Et eveniet molestiae non commodi sit porro eum. Et iure vitae amet consectetur quia molestias odit.','minima','7',NULL,'1999-12-02 22:03:27','1977-11-25 23:30:10'),
('54','54','54','Autem est odit vel et voluptas molestiae veritatis non. At cumque delectus aperiam incidunt dolores ad eveniet.','tenetur','293',NULL,'1996-01-22 20:54:35','2016-06-18 07:50:37'),
('55','55','55','Illo cum ut nam molestiae autem architecto possimus. Eum ipsam quam eaque non eos. Quod omnis facere dolores dolorum mollitia et beatae magni. Itaque deleniti sed mollitia dicta.','explicabo','85251150',NULL,'2004-08-15 19:21:42','1998-03-23 11:41:06'),
('56','56','56','Ex consequatur iusto rerum sed. Eum consequatur porro adipisci provident eum veniam. Incidunt voluptatibus autem quia sed eius vel hic.','officiis','0',NULL,'1975-12-17 07:49:45','2000-06-01 15:55:03'),
('57','57','57','Ut voluptas eligendi minus inventore id laboriosam ut. Maiores praesentium praesentium blanditiis explicabo repellendus totam dolorum et.','eum','11',NULL,'1978-06-08 17:31:36','2013-08-15 16:13:25'),
('58','58','58','Maxime illum in eveniet qui. Soluta rerum modi amet eos vero sequi corporis. Ut ut cumque quas illum dolore. Quia fuga iure non ad laudantium eum est.','error','803878317',NULL,'1974-05-18 01:14:27','1973-09-13 23:53:34'),
('59','59','59','Fugiat aut et voluptatibus consequuntur dignissimos. Animi voluptas eos possimus sed illo temporibus sit et. Esse occaecati est alias maxime.','at','57531',NULL,'1979-08-25 10:08:22','1985-06-02 16:09:53'),
('60','60','60','Nemo minima perferendis fugiat consequatur quam eius occaecati. Sed ipsa recusandae officiis eligendi ut ex nesciunt. Temporibus sit provident aut. Porro sit est magni aperiam minima asperiores. Quaerat odio consectetur est omnis fugiat est sint.','voluptatem','74931',NULL,'1980-07-20 06:47:36','2016-01-16 17:36:03'),
('61','61','61','Beatae labore qui eos ut atque rerum expedita. Et distinctio dolores error doloribus. Enim id odio placeat omnis rem incidunt et. Deleniti id sit repellat nostrum est.','natus','164465',NULL,'1978-09-30 12:31:36','2017-04-27 21:19:37'),
('62','62','62','Non voluptas eius cupiditate esse eveniet. Qui ullam dicta est dolorum occaecati. Et sit maiores laborum eveniet exercitationem velit.','consequatur','529412',NULL,'1997-10-05 02:56:52','1990-06-25 00:55:55'),
('63','63','63','Corrupti placeat necessitatibus aut consequatur officiis expedita esse nesciunt. Earum vel autem tempore qui. Et sapiente dolorem eum qui dignissimos unde. Architecto sint voluptas ut mollitia voluptatem quo reprehenderit.','eos','50962462',NULL,'1975-12-23 00:44:03','1974-04-06 10:16:06'),
('64','64','64','Nulla qui cupiditate doloribus maxime. A sunt aut eveniet et est quaerat error. Sit et voluptates hic quo eaque. Aperiam officia sit quisquam tempora similique.','dolorem','0',NULL,'2001-03-24 20:40:52','2003-05-30 16:31:23'),
('65','65','65','Odio autem sed laboriosam nostrum quis. Quam officia repellat cum quisquam sed natus. Quia fugiat officiis accusamus voluptas ex. Exercitationem odio qui at qui quis sed.','molestiae','708892',NULL,'1973-10-08 23:35:08','1974-11-11 13:54:51'),
('66','66','66','Velit neque vitae omnis. Rerum aliquam sed maiores commodi quas optio. Quam iure eius vel enim. Magni reiciendis numquam error ut eligendi dolor. A assumenda modi fugit rerum commodi molestiae.','ipsa','809',NULL,'2006-07-12 16:18:02','1975-12-21 06:09:08'),
('67','67','67','Neque modi eligendi ut quidem inventore quisquam natus. Assumenda amet amet unde sit. Autem qui dolor et qui sit qui recusandae. Est eum quod corrupti vero eveniet.','autem','0',NULL,'2007-05-17 19:04:07','1998-01-06 00:51:26'),
('68','68','68','Molestiae et eligendi vel ullam consequatur. Et ut amet enim odio. Voluptatem ullam sed eos omnis aperiam aut placeat. Praesentium qui sunt eum nihil quae autem enim et.','expedita','679',NULL,'2019-06-16 07:27:48','1988-09-05 12:29:09'),
('69','69','69','Doloribus labore et ea. Voluptatem et architecto nesciunt qui omnis a consequatur. Vel et consequatur labore excepturi accusantium enim. Atque dolorem voluptates impedit voluptates.','ullam','583',NULL,'2006-11-25 12:16:18','1974-06-29 02:00:58'),
('70','70','70','Quos non quod odit cupiditate. Debitis eum qui officiis nam omnis dolore explicabo. Ducimus veritatis voluptatem suscipit labore provident est qui sit.','qui','53847009',NULL,'2011-04-04 08:19:10','1979-03-06 06:57:33'),
('71','71','71','Id blanditiis sed repellat itaque qui omnis ea. Sed et est ut dolor cumque. Aliquid accusantium eum omnis consequatur voluptatem veniam. Quasi ut totam sed in ullam autem voluptatem. Placeat doloremque eaque molestias sint explicabo.','quisquam','48254',NULL,'2010-11-23 07:00:33','2018-05-16 17:38:44'),
('72','72','72','Veniam labore sed aut ipsam voluptate. Nihil voluptatibus ut dolores culpa voluptatibus numquam. Nihil a illo necessitatibus inventore animi.','blanditiis','6617',NULL,'1991-03-11 18:57:35','2012-01-11 20:30:45'),
('73','73','73','Ipsam tenetur quod eum incidunt libero consequatur aut. Cum aliquam reprehenderit dolorem rerum. Ducimus occaecati non eligendi ea sunt. Quae reiciendis doloribus amet omnis occaecati.','blanditiis','3',NULL,'1973-11-21 06:13:50','1984-03-23 08:17:50'),
('74','74','74','Et deserunt placeat vero dignissimos maiores. Porro similique sit consequuntur sint maxime rem sunt. Est assumenda voluptatibus eligendi sed.','ad','52',NULL,'2017-10-03 17:29:23','1997-08-30 23:58:34'),
('75','75','75','Voluptas vero ea quaerat expedita. Provident accusamus repellat laborum enim omnis officia temporibus tenetur. Consequatur qui incidunt et rerum non. Est rerum molestiae harum ut saepe blanditiis.','quas','0',NULL,'1986-09-18 03:20:29','1983-04-07 12:25:24'),
('76','76','76','Voluptas consequatur temporibus et impedit totam in omnis. Aut vel dolores voluptatem et et. Iusto ea provident odio voluptatem veritatis consequatur. Rem numquam consequatur corrupti maiores nihil doloribus.','sint','1801',NULL,'2010-12-27 21:10:42','1974-09-18 03:59:25'),
('77','77','77','Dolorum voluptas assumenda sequi libero esse. Non eum eum doloremque minus. Aut temporibus qui iure aut. Quod aperiam nisi itaque rerum inventore.','sunt','60',NULL,'1978-07-08 08:03:16','2000-09-10 21:54:12'),
('78','78','78','Sed voluptatem corrupti ipsum repudiandae. Dignissimos sint suscipit optio deleniti inventore. Eum distinctio id aliquid hic eaque placeat. Iure qui accusantium est explicabo.','nostrum','929975',NULL,'1976-03-07 09:46:28','2007-01-28 07:08:46'),
('79','79','79','Est ullam quos sed ab. Aut modi tempora autem et saepe harum reprehenderit. Recusandae eos omnis veritatis et quia.','sed','7410',NULL,'1992-03-01 06:33:58','1996-09-25 02:10:40'),
('80','80','80','Aut saepe earum praesentium officia vitae nulla et commodi. Inventore sunt iusto sequi aliquid neque adipisci iste. Voluptate rerum sed sit et architecto sapiente.','voluptate','715408066',NULL,'1985-02-13 18:42:27','2004-10-12 07:32:25'),
('81','81','81','Occaecati quibusdam pariatur deleniti aut. Quibusdam ut dignissimos aspernatur vel quam vero praesentium. Qui sit quaerat unde ea.','quam','0',NULL,'2005-11-21 22:58:59','2016-10-03 20:37:15'),
('82','82','82','Nulla dignissimos ullam distinctio exercitationem tempora voluptas aliquam. Quas delectus pariatur ut sed omnis odio.','quam','515959',NULL,'2002-04-23 02:45:23','2015-12-23 08:22:27'),
('83','83','83','Eum ea natus quas culpa explicabo quis officiis id. Nulla est et distinctio molestiae autem.','cupiditate','859',NULL,'1992-05-13 11:11:21','1980-04-22 07:54:53'),
('84','84','84','Voluptatum excepturi harum sint eius ea. Animi distinctio ex sit ipsum. Et deserunt repudiandae enim dolores ut porro voluptatibus.','reiciendis','0',NULL,'1991-08-13 04:05:51','2017-09-22 22:49:01'),
('85','85','85','Illo dicta veritatis saepe aut ut repellendus. Eligendi ex adipisci ducimus quas necessitatibus tenetur quae. Explicabo ratione quia quibusdam ratione qui blanditiis quis. Dignissimos aliquid optio aut dicta.','corporis','0',NULL,'2016-11-27 20:54:20','1972-05-05 14:43:52'),
('86','86','86','Ullam quis inventore quia consequatur quae libero asperiores. Ab consectetur totam voluptatem. Suscipit tempora iusto exercitationem vel. Et et odit aut qui enim. Quia exercitationem illum ex.','et','4',NULL,'1983-08-26 21:41:05','2013-06-02 18:19:18'),
('87','87','87','Amet aperiam quisquam quia animi est minima. Eum neque blanditiis cum quo magnam ipsa. Itaque sit harum cum tenetur facilis et.','expedita','6094658',NULL,'1996-11-08 16:29:27','2017-02-07 05:12:09'),
('88','88','88','Dicta autem officiis voluptas quidem molestiae voluptatem temporibus. Et reprehenderit et aut eaque. Fuga vero id consequatur ipsum dolore.','vel','45881067',NULL,'2018-07-25 19:06:58','1989-05-17 23:44:21'),
('89','89','89','Accusamus at rerum et facere et. Voluptatum tempore rerum id omnis rem harum porro. Laudantium voluptate quia non praesentium.','et','81596877',NULL,'1984-10-27 23:38:11','1994-03-17 22:48:59'),
('90','90','90','Quis alias soluta est quaerat soluta. Sint sequi eum sit error.','consequuntur','789',NULL,'2004-04-03 20:12:26','1990-12-30 04:14:43'),
('91','91','91','Exercitationem dolor iusto enim esse. Velit velit eveniet eum et aut dicta fugiat.','commodi','178264281',NULL,'1989-02-18 11:04:44','1981-03-09 01:02:48'),
('92','92','92','Nulla sequi ut et iste nobis molestiae. At facere commodi quia corporis. Dolor cumque modi voluptate consectetur. Minus ut velit quod architecto perspiciatis voluptates.','aut','97',NULL,'1970-11-26 00:17:11','1998-09-29 12:30:14'),
('93','93','93','Et qui ut voluptatem consequatur soluta dolore rerum. Laudantium enim quibusdam labore earum doloremque facilis id. Iusto optio quia reprehenderit consequatur aut quos rem perferendis.','aut','474528',NULL,'1994-04-22 21:07:11','1971-12-05 09:48:24'),
('94','94','94','Omnis et totam id ullam. Doloremque illum error explicabo necessitatibus magni ut. Sed velit et earum et itaque similique quas.','voluptate','6',NULL,'1979-06-21 07:17:06','2019-04-29 14:31:24'),
('95','95','95','Deserunt et dolores voluptatum in. Sit error dolorem nemo quasi quia veritatis explicabo. Consequatur nostrum est delectus cupiditate illum.','placeat','233029588',NULL,'1996-06-04 02:21:53','1994-08-11 15:32:23'),
('96','96','96','Qui voluptas nihil dolor corrupti ab sint qui. Alias tempore vel dolorem qui ea maxime qui. Eos et nihil aut sint tempore ad. Ducimus ut voluptate rem quia voluptatem harum.','enim','127012',NULL,'1980-01-18 22:24:31','2009-08-20 11:28:58'),
('97','97','97','Laborum laboriosam quasi sed placeat quaerat esse ut. At quidem tempore cum dicta dolor vel. Delectus et est numquam libero.','error','0',NULL,'1995-09-08 06:43:11','1989-02-17 13:46:36'),
('98','98','98','Fugit suscipit ut optio explicabo eveniet omnis rerum omnis. Quas minus natus fuga rem. Qui fugit autem saepe veniam.','sequi','21208498',NULL,'2015-10-14 14:27:55','1999-02-26 04:14:17'),
('99','99','99','Dolores debitis quo perspiciatis. Et omnis cumque quo enim aperiam cum consequatur. Sit iure tempore nam quia asperiores itaque tempora magnam.','tempora','352',NULL,'1975-04-05 18:42:59','1971-04-28 07:20:53'),
('100','100','100','Quam itaque ut dolor porro vero. Possimus soluta id vel nisi. Vel animi labore sed expedita. Fugiat et rerum accusantium eum.','incidunt','74089',NULL,'2010-06-29 12:02:26','1998-01-01 10:11:31'); 


DROP TABLE IF EXISTS `media_types`;
CREATE TABLE `media_types` (
  `id` bigint(20) unsigned NOT NULL AUTO_INCREMENT,
  `name` varchar(255) COLLATE utf8_unicode_ci DEFAULT NULL,
  `created_at` datetime DEFAULT current_timestamp(),
  `updated_at` datetime DEFAULT current_timestamp() ON UPDATE current_timestamp(),
  PRIMARY KEY (`id`)
) ENGINE=InnoDB AUTO_INCREMENT=101 DEFAULT CHARSET=utf8 COLLATE=utf8_unicode_ci;

INSERT INTO `media_types` VALUES ('1','aut','2005-01-22 17:16:14','1977-04-07 21:58:42'),
('2','et','1987-08-06 03:31:56','1988-02-04 08:00:22'),
('3','ut','1974-12-24 20:12:18','1973-10-12 20:15:34'),
('4','quo','1978-01-08 11:41:28','2006-01-25 10:14:12'),
('5','et','1993-08-22 17:32:15','2002-12-26 01:59:40'),
('6','omnis','1970-07-10 20:03:48','1986-02-17 08:31:01'),
('7','debitis','1998-01-23 07:56:29','2010-09-23 18:30:46'),
('8','enim','1982-09-24 20:27:04','1970-09-20 10:23:50'),
('9','voluptas','1970-10-02 10:40:27','1972-11-04 14:25:45'),
('10','enim','1980-09-19 11:16:55','1986-04-16 07:35:34'),
('11','velit','1993-11-28 17:08:51','2009-01-28 14:36:04'),
('12','itaque','1991-12-15 10:48:12','1989-07-27 18:12:28'),
('13','maxime','1996-08-05 04:12:46','2006-05-14 21:44:36'),
('14','autem','1978-06-06 21:51:16','1983-06-22 12:52:15'),
('15','quia','1982-03-12 10:17:27','1978-12-19 05:52:09'),
('16','minus','2014-02-25 22:35:59','2015-01-20 13:55:08'),
('17','dolorum','2015-01-22 02:26:24','1992-05-27 23:04:34'),
('18','exercitationem','2013-09-28 11:06:35','1976-06-06 13:56:03'),
('19','molestiae','2008-04-14 19:11:55','1987-04-08 15:58:07'),
('20','eum','2014-05-23 18:47:13','2003-04-16 02:47:20'),
('21','quisquam','1979-04-25 17:42:42','1974-12-27 14:12:05'),
('22','saepe','1973-05-04 15:49:02','2002-08-19 15:33:55'),
('23','eveniet','1996-09-05 19:11:55','1994-03-25 03:27:14'),
('24','et','1998-03-01 20:11:09','1999-12-22 18:17:12'),
('25','officia','2013-11-11 07:56:27','1988-08-09 16:37:06'),
('26','ullam','1981-09-08 00:09:32','1982-12-06 07:47:00'),
('27','molestiae','2013-02-12 19:28:04','1990-08-07 05:52:08'),
('28','labore','2004-09-18 23:00:07','2001-03-30 05:29:08'),
('29','quod','1991-03-29 18:04:28','1992-04-17 05:51:50'),
('30','rerum','1976-01-20 12:24:30','2004-10-18 21:50:28'),
('31','qui','1973-02-24 00:55:13','1971-02-08 10:30:24'),
('32','fugit','1986-03-08 17:45:46','2004-02-23 03:13:28'),
('33','totam','1982-01-17 12:17:01','1993-03-26 00:46:41'),
('34','et','1983-01-27 08:39:05','1977-02-17 11:05:23'),
('35','qui','1980-08-10 11:41:19','1985-05-10 08:02:36'),
('36','sed','1978-07-29 00:28:13','1975-01-06 15:15:26'),
('37','et','1981-02-27 01:15:51','1994-11-30 06:07:23'),
('38','sed','2007-03-11 19:41:55','1990-08-14 18:41:59'),
('39','voluptatum','2007-04-02 18:26:44','2012-04-25 09:49:54'),
('40','illo','1991-01-06 23:22:32','2013-02-25 03:11:43'),
('41','quis','2010-03-29 23:33:35','2015-02-06 00:35:59'),
('42','autem','2017-11-21 08:50:25','1974-07-04 04:13:11'),
('43','dolorem','2005-06-23 21:30:53','2012-03-28 13:59:59'),
('44','placeat','2012-11-09 23:35:33','2009-04-13 16:07:56'),
('45','facilis','1987-08-04 17:37:14','2008-07-03 23:07:20'),
('46','quis','2015-10-11 19:03:47','1979-04-03 21:01:11'),
('47','itaque','1971-05-13 21:56:10','2003-07-31 14:31:58'),
('48','et','1971-04-26 01:15:24','1992-04-29 04:56:19'),
('49','esse','1976-11-03 20:46:06','2004-12-04 07:38:36'),
('50','ducimus','1992-05-03 12:06:45','2006-04-08 20:49:53'),
('51','tempore','2005-10-26 10:02:08','2017-03-31 21:58:09'),
('52','rerum','1993-06-04 08:58:17','1993-11-16 07:00:12'),
('53','aut','1999-06-23 22:33:47','1978-07-26 04:37:33'),
('54','vel','2009-04-23 14:13:11','2006-05-16 09:57:24'),
('55','et','1979-06-09 09:18:34','1990-11-13 22:15:58'),
('56','libero','1970-02-06 16:28:15','1977-05-16 02:15:34'),
('57','aliquid','2001-05-02 02:06:12','1980-06-01 00:23:04'),
('58','consectetur','2009-03-10 13:34:27','1988-12-19 20:40:33'),
('59','modi','2002-09-06 08:01:34','2010-05-18 00:03:05'),
('60','eum','2000-08-03 12:25:52','2006-08-19 05:46:04'),
('61','necessitatibus','1995-02-02 12:38:36','1991-11-03 12:01:55'),
('62','enim','1973-02-22 18:50:10','2009-08-12 02:47:27'),
('63','quia','1999-03-02 22:27:01','1986-11-12 12:09:26'),
('64','quia','1990-04-30 13:20:53','1975-01-26 22:04:09'),
('65','sunt','1976-03-05 07:27:14','1997-01-05 09:18:16'),
('66','quia','1986-02-08 18:05:08','1975-11-24 07:17:28'),
('67','rerum','2004-06-25 07:28:39','2003-06-07 12:53:44'),
('68','non','1986-08-20 10:35:40','1976-09-21 21:58:21'),
('69','voluptatem','1988-12-13 16:01:21','2009-04-10 08:45:20'),
('70','reiciendis','1973-06-28 08:20:18','1973-05-17 03:07:55'),
('71','tempore','1973-09-02 17:51:56','1973-01-07 09:59:17'),
('72','alias','1984-09-25 19:50:56','1976-01-18 17:48:00'),
('73','eius','2011-05-17 21:00:48','1982-08-21 19:31:24'),
('74','esse','2016-12-17 23:32:11','1993-03-12 08:03:31'),
('75','explicabo','2003-04-03 19:58:26','2009-10-06 20:20:40'),
('76','at','2003-08-19 12:11:54','1993-07-10 06:49:40'),
('77','non','2016-04-14 18:33:54','1987-05-19 12:31:50'),
('78','consequatur','2015-07-29 01:01:14','2017-12-18 07:39:43'),
('79','tempora','2014-04-19 00:18:53','2001-04-25 20:13:19'),
('80','est','2013-07-29 06:10:49','1988-07-12 15:51:13'),
('81','est','1982-06-08 21:09:18','2001-09-12 13:00:24'),
('82','sit','2001-09-28 00:14:01','1985-03-24 00:36:53'),
('83','autem','2013-05-18 18:08:13','1980-09-13 14:24:34'),
('84','et','1984-06-26 21:23:12','1970-01-03 10:21:41'),
('85','perferendis','2013-11-30 03:09:31','1976-10-27 11:10:19'),
('86','esse','1981-06-06 05:20:36','2008-07-30 17:26:50'),
('87','ea','2019-11-08 00:54:29','2016-05-13 11:25:29'),
('88','voluptatem','1996-03-30 16:24:55','1982-10-27 03:02:12'),
('89','autem','2008-06-27 05:20:26','1971-10-02 20:44:07'),
('90','sint','1985-09-26 22:36:23','2017-06-11 08:56:35'),
('91','delectus','1979-03-01 12:55:13','2010-12-28 13:03:28'),
('92','consequatur','2001-04-20 16:16:30','1970-10-17 12:05:30'),
('93','facilis','1993-01-24 13:30:35','1970-04-02 06:12:18'),
('94','modi','2016-11-05 16:47:16','1989-03-02 05:08:59'),
('95','eos','1970-08-15 14:48:31','2001-04-09 08:44:17'),
('96','ut','2002-05-21 22:48:55','2001-01-11 10:47:04'),
('97','iure','2003-03-01 08:00:39','2009-07-28 15:18:41'),
('98','est','2017-11-16 13:09:54','1982-02-17 02:39:45'),
('99','sunt','1996-05-23 04:24:36','1983-04-16 11:36:29'),
('100','iste','2016-11-27 03:57:31','2005-02-25 15:54:11'); 


DROP TABLE IF EXISTS `messages`;
CREATE TABLE `messages` (
  `id` bigint(20) unsigned NOT NULL AUTO_INCREMENT,
  `from_user_id` bigint(20) unsigned NOT NULL,
  `to_user_id` bigint(20) unsigned NOT NULL,
  `body` text COLLATE utf8_unicode_ci DEFAULT NULL,
  `created_at` datetime DEFAULT current_timestamp(),
  PRIMARY KEY (`id`),
  KEY `messages_from_user_id` (`from_user_id`),
  KEY `messages_to_user_id` (`to_user_id`),
  CONSTRAINT `messages_ibfk_1` FOREIGN KEY (`from_user_id`) REFERENCES `users` (`id`),
  CONSTRAINT `messages_ibfk_2` FOREIGN KEY (`to_user_id`) REFERENCES `users` (`id`)
) ENGINE=InnoDB AUTO_INCREMENT=101 DEFAULT CHARSET=utf8 COLLATE=utf8_unicode_ci;

INSERT INTO `messages` VALUES ('1','1','1','Quibusdam et harum et expedita dolorem minima. Harum et quis corporis dolor architecto. Excepturi ut iure aut omnis magni.','2002-07-05 10:38:12'),
('2','2','2','Ea debitis distinctio ab et sapiente delectus. Rem ut at et itaque sapiente rerum sit. Aut tempore voluptatem rerum pariatur. In commodi quasi labore qui sit accusamus reprehenderit.','1984-11-14 23:57:41'),
('3','3','3','Ipsam vero aspernatur officia earum in. Voluptates et ut eveniet natus sint. Corrupti non recusandae id ea non eius cupiditate. Consequatur laboriosam sit commodi corrupti.','1995-06-13 07:34:25'),
('4','4','4','Quis explicabo qui repellat ea est sit necessitatibus earum. Soluta ipsam dolores eius sapiente tenetur. Dolorem sint eligendi vero soluta voluptatem aut. Perferendis nulla eius unde corporis voluptas non.','1997-07-05 05:08:11'),
('5','5','5','Dolorum voluptatem soluta ea. Voluptate vitae consequatur eligendi veniam quibusdam. Minima repellendus est dolorum et molestiae ea.','1999-09-18 07:20:35'),
('6','6','6','Illum culpa sequi expedita repellat nam. Impedit exercitationem enim est similique porro asperiores eos. Voluptatibus quia molestiae porro reiciendis.','2000-12-07 00:23:45'),
('7','7','7','Iste expedita nemo sint itaque nihil qui consectetur. Sit ipsum molestiae ducimus voluptas rerum. Non molestiae deleniti ipsum impedit enim illum autem. Sed eaque ex ab ut. Fugiat optio et esse earum aut qui aut.','1978-12-25 16:18:58'),
('8','8','8','Eum facere facilis sapiente nihil dignissimos quaerat. Eius reiciendis sit aliquam odio. Ipsam itaque cumque eligendi odit quo.','2013-12-28 20:35:20'),
('9','9','9','Veniam nisi reprehenderit aliquam aliquid. Eum accusamus sit porro excepturi sunt et harum. Consequuntur expedita consequatur quaerat minima. Aut esse atque harum repellat dolor. Perspiciatis modi voluptatem repellat quia sint perferendis hic.','1993-12-03 02:10:32'),
('10','10','10','Aut quas voluptates molestias ea qui dolores. Harum accusantium sunt repudiandae veniam enim aliquid molestiae incidunt. Accusamus et unde sit sed dolor reiciendis fuga. Facilis consequatur nemo labore voluptatem occaecati.','1999-04-17 10:21:52'),
('11','11','11','Rerum temporibus et sed reprehenderit. Et accusantium aut laborum id ducimus. Dignissimos exercitationem illo voluptatem. Minima voluptas saepe et error voluptatem ipsum.','2012-10-03 10:35:10'),
('12','12','12','Fuga est illo voluptates consequatur. Animi ut voluptates nam tempora qui dolorem. Veniam quo sed voluptatem sequi earum quas voluptas.','1986-08-09 04:21:28'),
('13','13','13','Aut dolores eaque harum omnis natus. Veritatis voluptate velit neque. Nihil molestiae occaecati velit sed veniam. Ullam harum corporis necessitatibus et voluptatem debitis quos dolor.','1982-06-09 19:27:32'),
('14','14','14','Qui sed hic eum sint porro. Dolor nemo harum velit et id voluptas saepe. Atque ea dolores repellendus dolore dignissimos quidem iusto. Nesciunt architecto corporis dolorem et harum ut.','2001-01-06 05:48:37'),
('15','15','15','Amet dolorem optio nihil libero. Sunt incidunt quos quas consequuntur aut atque. Corrupti possimus libero ut sit. Doloremque ipsa ex aut aut iusto labore.','1990-05-26 16:21:49'),
('16','16','16','Sed quibusdam voluptatem quo repellendus ipsa. Similique aperiam aut illo ducimus dolorum non dolores. Voluptates quis dicta molestiae facere consequatur consequatur sed occaecati. Dolor enim magnam accusantium reprehenderit architecto aut rerum.','1978-11-03 15:57:19'),
('17','17','17','Dolores occaecati vel repudiandae itaque fugit ad nesciunt. Mollitia illo odit sapiente et. Incidunt earum quaerat quia est laboriosam exercitationem adipisci. Rerum aut maxime ad ratione tempora neque incidunt.','1995-07-10 05:41:48'),
('18','18','18','Consequatur ex aut nemo. Quaerat omnis laudantium ex labore et necessitatibus dignissimos. Et laboriosam commodi cum optio eum. Consequatur est deleniti provident dolorum.','2013-01-01 18:06:27'),
('19','19','19','Aut facilis quia id sed. Ducimus sint eos asperiores quibusdam voluptatibus. Reiciendis consequatur expedita mollitia alias similique et. Aliquid omnis velit porro qui dolores ratione culpa.','2018-06-27 11:49:59'),
('20','20','20','Est eveniet corporis blanditiis quos. Impedit aliquam et recusandae officiis autem aut. Aut possimus voluptas suscipit veritatis minus. Labore facere vel ut.','1997-03-19 22:37:55'),
('21','21','21','Rem quia dolorem ipsum laboriosam ut labore quas. Officia quia ex voluptas consequuntur repudiandae similique. Et amet sit unde voluptates perferendis. Qui et quisquam a reprehenderit.','1977-09-12 06:15:30'),
('22','22','22','Consequatur est sequi ut est dolores. Ut et eveniet est. Veniam nihil et eaque id et inventore officiis.','1985-04-30 02:10:09'),
('23','23','23','Nam tenetur non dolores est optio. Omnis non beatae aut blanditiis non.','2010-06-25 19:18:16'),
('24','24','24','Reiciendis dolor aliquid molestiae quia velit nisi dignissimos. Accusamus qui unde asperiores sit eveniet omnis ex eos. Tempore debitis sequi qui molestiae. Laborum repellat iusto voluptates sit. Sit quae corporis ipsa ut.','2012-05-30 20:24:56'),
('25','25','25','A sed provident architecto eligendi. Voluptates pariatur culpa minus deleniti magnam autem. Aspernatur qui impedit deserunt et rerum. Ad aut non et et.','1997-10-27 04:32:31'),
('26','26','26','Itaque aut praesentium voluptatem ducimus. Expedita est et eos explicabo ea. Consequuntur veniam repellat a.','1997-09-06 05:49:35'),
('27','27','27','Officiis aut error et optio non deleniti. Quidem reiciendis minus dicta aliquam.','1971-04-02 12:23:23'),
('28','28','28','Doloribus pariatur excepturi ducimus distinctio est earum sit. Labore perspiciatis omnis voluptatem quidem modi officia. Eligendi quia quia rerum rerum suscipit quia.','1978-09-17 23:42:37'),
('29','29','29','Deserunt tenetur enim explicabo et earum neque impedit. Nobis nostrum praesentium temporibus dolor ex consequuntur. Blanditiis assumenda quam cumque. Voluptas cum est libero sit rerum in exercitationem.','2007-02-14 05:37:59'),
('30','30','30','Sit ut fugiat omnis molestiae quasi adipisci pariatur voluptas. Dolores fugit eos aspernatur. Repellendus porro et commodi possimus omnis natus. Placeat ut quia aut est et reprehenderit aut.','1972-01-05 11:11:18'),
('31','31','31','Et id nulla et et inventore rerum. Molestiae accusantium est molestiae vitae sit et et. Rerum sapiente porro non vitae et quia.','2007-11-02 09:03:43'),
('32','32','32','Eos aut necessitatibus necessitatibus. Rerum mollitia ea veniam in. Omnis et harum non labore aspernatur.','1976-09-15 11:14:46'),
('33','33','33','Accusantium modi dolor nostrum magni. Laboriosam consectetur quam magni aperiam.','1999-04-25 21:10:34'),
('34','34','34','Tenetur voluptatem dicta aut ea velit inventore quam officia. Deserunt voluptatem ut cum sunt expedita. Enim similique adipisci voluptatem ut deserunt id optio. Voluptatem et incidunt ut quidem et officia deleniti.','2001-07-05 20:43:27'),
('35','35','35','Qui velit nemo consequatur voluptatem laudantium quaerat. Aperiam quis inventore aut quibusdam. Dolorum quidem optio iure nostrum.','2013-01-22 13:49:24'),
('36','36','36','Nulla praesentium nobis aut dignissimos. Rem dolorem nemo quibusdam nihil voluptas non qui. Et eligendi minima alias consequuntur sequi architecto.','1992-08-11 14:37:16'),
('37','37','37','Ea unde vero et eaque. Officiis commodi repellat quia facere rerum. Et adipisci aliquid aspernatur soluta corporis et et. Ut temporibus animi quaerat eaque rerum sequi beatae.','2006-12-03 17:45:34'),
('38','38','38','Ad praesentium corporis nam ullam sit voluptatem ducimus. Iusto qui optio enim. Aut aut eaque quia aspernatur est. Hic consequatur pariatur recusandae quam.','2003-02-03 09:24:04'),
('39','39','39','Quibusdam nihil perspiciatis cumque delectus qui. Vero laboriosam ea facere excepturi aut. Ad architecto voluptas culpa aut provident et eaque. Nostrum animi nobis sed quia dolor omnis et.','1997-07-04 19:30:02'),
('40','40','40','Optio aut accusantium natus dignissimos. Et eveniet ipsum labore molestiae sed fuga adipisci quidem.','1970-07-05 03:10:01'),
('41','41','41','Repudiandae iusto quisquam quasi non hic voluptatem. Quibusdam nemo et architecto iusto.','1997-07-10 14:02:09'),
('42','42','42','Quae sit voluptatem rerum nostrum. Sint distinctio quia dolor quos aut molestias.','1979-05-29 19:39:34'),
('43','43','43','Eius veniam quia vero id. At architecto et cumque cum praesentium id aut. Ducimus et et molestiae labore pariatur non sapiente. Ipsam ipsum molestiae dignissimos sed. Vero dolorem quod labore dolorem laborum aut facere et.','1973-11-30 01:45:41'),
('44','44','44','Aperiam doloremque natus similique velit sed quia quo. Molestiae nobis sed accusantium rerum est. Aspernatur sequi itaque perferendis eos est modi incidunt.','2005-08-17 16:27:15'),
('45','45','45','Ad cupiditate eaque dolore maiores. A magnam explicabo illum sunt at. Placeat aut est hic voluptatem qui ipsum cumque. Aut sequi voluptatem eveniet voluptatem.','1977-10-21 21:12:06'),
('46','46','46','Eum qui adipisci quo dolorem tempore facilis. Deserunt quo vel odio illo eligendi itaque et. Sunt aut aut perspiciatis in voluptas.','1989-09-09 11:52:29'),
('47','47','47','Quaerat autem iste laborum cum. Facilis ipsam qui sit ut perferendis quis aut. Velit ut autem sint magni fugit. Sed minus et blanditiis dicta.','1973-12-06 09:23:55'),
('48','48','48','Rerum maxime non id exercitationem omnis. Est et dolorem est qui libero. Asperiores velit et aliquam itaque veritatis.','1995-09-08 23:04:42'),
('49','49','49','Eum fugiat et modi deleniti dolorem sint. Eum ut saepe iusto. Ex autem aliquid enim aspernatur quis ut ipsam.','2015-12-18 21:54:39'),
('50','50','50','Doloribus enim modi enim repellat autem expedita fugiat. Sequi hic quibusdam ut omnis enim et voluptatem. Ratione ab voluptatem in voluptas sed ea.','1989-08-08 07:44:31'),
('51','51','51','Consequuntur praesentium dolore dolorem et et cumque. Debitis voluptatem atque aut id aut ratione.','2000-02-08 14:45:45'),
('52','52','52','Non quam et sunt qui. Voluptatem praesentium itaque magnam quod ut cum. Ut hic corporis nulla. Eos commodi fugit cum corrupti molestiae hic.','1985-03-15 19:17:32'),
('53','53','53','Et molestias et odit sit impedit sunt. Itaque dolorem et autem atque nesciunt ipsa voluptatem. Enim repellendus at voluptates et earum sed saepe. Nobis eligendi in maxime velit delectus.','1989-11-01 12:09:57'),
('54','54','54','Eius voluptates qui nisi consequatur mollitia nihil quaerat. Et tempora et maiores sapiente.','1978-08-10 16:26:43'),
('55','55','55','Temporibus rerum id omnis veniam est. Eos ea dolores dolorem quia. Voluptatibus repudiandae qui error et rerum vel. Dolorem velit qui eligendi fugit molestiae aut.','1971-08-05 11:09:13'),
('56','56','56','Et dolor dignissimos repudiandae. Odio molestiae quis quae consequatur quos asperiores ipsum. Dolorum omnis eligendi et consectetur perspiciatis. Inventore et quo quia hic voluptatem laudantium.','2002-11-21 16:14:01'),
('57','57','57','Quam fugit eum eligendi hic voluptas iste. Id accusamus dolor qui pariatur debitis perferendis. Porro explicabo doloremque expedita magni corrupti aut. Exercitationem itaque aut minus ut.','1983-03-26 17:29:40'),
('58','58','58','Facere sint ex nulla ipsum reprehenderit incidunt quia. Labore vel non mollitia. Vitae consectetur natus optio dicta dolore. Illum sit eveniet suscipit distinctio quia dolorem.','1979-07-24 21:07:31'),
('59','59','59','Illo doloremque in pariatur vel et ex odio. Earum a voluptate expedita pariatur. Et nihil ut minus tempore deserunt numquam non. Veritatis illum quasi officiis officia.','1974-04-05 10:11:21'),
('60','60','60','Inventore tempore dolorum rerum esse hic. Inventore sunt ut tempora ut. Velit quia pariatur sed inventore.','1977-07-28 13:36:49'),
('61','61','61','Id eos velit est a. Quia maxime vel numquam minima. Nisi iure sit rerum.','1992-08-25 09:14:53'),
('62','62','62','Voluptatem atque facilis et modi cumque dolor. Eaque distinctio fuga magnam qui qui et. Mollitia omnis cupiditate est ut dicta quos sit.','1979-12-28 11:33:52'),
('63','63','63','Beatae reprehenderit exercitationem et rerum dolores ut et. Ut commodi qui quia esse amet repellat tenetur. Nobis incidunt unde sint tempore quas voluptas quam dolore. Rem nobis ipsum quae provident voluptatem cumque non.','2015-07-08 13:31:35'),
('64','64','64','Laudantium odio dolor aut libero aut ipsa enim. Non ipsa vel deserunt porro quia. Voluptatibus qui quidem et facere deleniti. Sapiente incidunt error ea possimus asperiores et.','2013-12-31 15:06:30'),
('65','65','65','Et optio quia totam id qui doloribus. Ut rerum quas voluptas aliquam quasi reiciendis. Ipsa nihil necessitatibus et hic molestias maxime rem aspernatur. Maxime sint ratione aut unde facilis velit quia.','1973-02-15 14:39:07'),
('66','66','66','Esse minus minima quia officia in accusamus. Qui aliquid et sunt consequatur laborum rerum. Adipisci voluptas consequatur ea quas hic minus. Itaque deserunt ex enim ratione explicabo.','2013-03-24 14:51:38'),
('67','67','67','Enim quidem recusandae voluptatem officia cumque voluptatem. Excepturi aut at ipsam eos incidunt reprehenderit. Ratione fuga eveniet laborum repellendus dicta sit veniam. Placeat vel iure voluptatem vel.','2014-08-08 04:35:37'),
('68','68','68','Minima iusto delectus modi est magni. Assumenda dolorem et voluptates aliquid. Voluptatibus facilis nihil quia quam nostrum ullam.','1976-07-12 17:07:22'),
('69','69','69','Quod minus rerum cupiditate et qui et quae. Explicabo qui eos nostrum ut harum.','1992-08-25 13:46:12'),
('70','70','70','Nam quos et in qui assumenda quia qui. Nulla illum velit ipsam illo necessitatibus labore totam. Nulla totam libero aperiam eum blanditiis rerum perspiciatis nisi.','2007-07-29 00:27:55'),
('71','71','71','Illum nihil quaerat officiis omnis tenetur ex et. Molestiae quia enim delectus aut quia vel explicabo. Ea facere consequatur blanditiis libero soluta aut ratione corrupti. Necessitatibus explicabo quas repudiandae.','1984-08-30 06:06:41'),
('72','72','72','Voluptatibus rerum maxime atque. Odio atque non voluptatem non sit autem occaecati.','1995-10-30 15:59:29'),
('73','73','73','Aut laborum illo enim qui. Et ut perspiciatis quod ut neque. Repellendus ut voluptate a earum eaque. Ut illo error similique voluptatem minima nam vero assumenda.','1979-02-14 07:33:04'),
('74','74','74','Accusantium error architecto aut voluptatem labore aut. Non vero excepturi optio quod ex. Fuga maxime neque quasi consequatur.','1987-12-31 08:03:25'),
('75','75','75','Pariatur et mollitia consectetur quae. Sint rerum voluptatum aut beatae id in. Repellat ipsa vel beatae.','1983-01-02 23:24:14'),
('76','76','76','Modi corporis at maxime tempore fugit. Odio at ea aspernatur alias dolorem blanditiis ea. Ut iusto dolorem earum voluptate natus non reprehenderit. Dolorem quia labore omnis facilis porro qui ipsum.','2006-01-10 10:50:51'),
('77','77','77','Possimus aut impedit quas accusamus. Dicta nostrum eos inventore facilis. Nam culpa ab accusamus ut quis odit.','2020-04-05 13:58:57'),
('78','78','78','Libero reiciendis quasi consequatur dolorum placeat est tempore. Aut omnis sit adipisci molestiae enim eligendi praesentium tempore. Ducimus architecto ex voluptatum cumque iste quia sunt excepturi. Vel asperiores sapiente quaerat quia odit voluptatem est aut.','2011-10-01 17:15:45'),
('79','79','79','Commodi aut aspernatur nostrum voluptas. Nisi quia corrupti nihil suscipit quae ut. Sit vel a at molestiae illum placeat. Quo est eum porro magni similique minus et ipsum.','2016-03-07 22:14:35'),
('80','80','80','Ea quidem est laudantium ea. Voluptas quae libero et et ipsa quia. Et explicabo quasi porro asperiores id iste et.','2004-10-02 01:12:49'),
('81','81','81','Velit voluptatem veritatis ut molestiae. Facere repellat molestiae illo quis enim voluptatem tempore. Harum commodi neque neque quam debitis iusto.','2013-06-11 09:11:54'),
('82','82','82','Eveniet non dolores iste dolores sed voluptatum quos. Itaque aut magnam rem consequatur vel illo et. Omnis dolorem nesciunt vel ex qui. Temporibus et exercitationem fugiat saepe accusantium eos est.','1983-08-11 12:14:53'),
('83','83','83','Autem nam minima quia possimus ipsum. Fugit dolorum eum voluptas quos voluptatem ut. Molestias eum nesciunt aperiam reprehenderit. Animi hic molestiae sapiente.','2001-10-16 08:22:56'),
('84','84','84','Eum voluptas sit aperiam veritatis laborum. Aliquam eos tempore quas pariatur ut. Doloribus et aut autem aut et.','1981-09-17 23:41:01'),
('85','85','85','Et ea debitis sint aut hic. Repudiandae sit accusamus omnis earum provident quo autem. Et ea quo molestias eius facilis. Explicabo ea ducimus voluptates hic suscipit ipsam.','1987-12-21 19:57:43'),
('86','86','86','Quas autem et voluptatem aspernatur optio non. Sapiente qui officiis voluptas et provident fugiat. Mollitia cumque quo dolor ut deserunt sit iure modi. Iusto sit ut autem. Consequatur molestias sit aperiam dignissimos.','1994-07-17 05:36:35'),
('87','87','87','Voluptatem expedita enim dolor recusandae ut. Aliquid culpa sint necessitatibus magnam eos dolor ut.','2013-10-17 18:40:10'),
('88','88','88','Vel quia quos quam ea velit libero et. Perferendis commodi eum cumque earum molestias. Facilis asperiores magni accusantium sunt dolor illum dolores. Adipisci ea eum odit et.','1997-07-18 12:32:43'),
('89','89','89','Aut saepe et vel corporis consectetur magnam consequatur cumque. Dolorem odio natus placeat. Distinctio ut enim a esse sit autem est impedit.','1992-09-14 10:06:24'),
('90','90','90','Numquam dolorum consequuntur alias sequi natus ut nulla. Qui esse dignissimos numquam sunt nobis voluptates incidunt. Et hic voluptatibus ex ab odio. Et fugit consectetur dolore fugiat. Dolor deserunt illum repellat id.','1994-12-17 19:42:24'),
('91','91','91','Incidunt et harum molestiae amet tempora. Repudiandae recusandae maxime et ipsum animi. Iste autem atque quod aut repellendus.','2012-10-22 07:53:12'),
('92','92','92','Quis est perferendis laudantium tempore. Consequatur qui odit ipsam. Libero voluptas repellendus eligendi nihil quod hic.','1974-01-16 11:09:41'),
('93','93','93','Vel similique amet quia sed. Sit quo commodi reprehenderit sed.','1974-08-07 09:29:46'),
('94','94','94','Eligendi nesciunt eius explicabo illo. Quos repudiandae natus fugiat eos culpa. Voluptatem rem a quidem id enim temporibus porro.','1989-04-28 14:52:43'),
('95','95','95','Veritatis sunt quasi et facere dolorum. Commodi atque dolores ut ratione. Quam earum dignissimos consequatur aliquid molestiae numquam voluptas. A sunt sit repudiandae occaecati voluptatem facilis eum debitis.','2019-01-18 01:53:06'),
('96','96','96','Laborum nemo vel consequuntur ullam vel provident sapiente. Et dolorum error magni assumenda at. Aliquam aliquid eos incidunt hic repellat magnam. Quam velit in culpa impedit hic.','1971-02-13 04:41:20'),
('97','97','97','Est et culpa placeat iste. Cumque voluptate quis quo quos dolore explicabo pariatur. Rerum quo quia rem ab dicta dolores magnam. Quaerat alias quos eaque magni atque.','1995-09-13 16:01:43'),
('98','98','98','Et est nobis inventore blanditiis sit possimus illum. Praesentium qui nisi exercitationem maxime sint debitis cum. Laborum et sed perspiciatis quo porro eos.','1992-06-27 18:35:21'),
('99','99','99','Atque libero quis nisi cumque et. Dolor perspiciatis explicabo laborum consectetur ducimus dicta voluptas. Ut voluptatibus nemo nobis dolorem.','2017-01-28 12:07:37'),
('100','100','100','Saepe est officiis voluptatibus facere molestias quo. Sequi iste saepe beatae. Qui quasi quam quo aliquam voluptate distinctio vel.','1993-12-13 13:24:59'); 


DROP TABLE IF EXISTS `photo_albums`;
CREATE TABLE `photo_albums` (
  `id` bigint(20) unsigned NOT NULL AUTO_INCREMENT,
  `name` varchar(255) COLLATE utf8_unicode_ci DEFAULT NULL,
  `user_id` bigint(20) unsigned DEFAULT NULL,
  PRIMARY KEY (`id`),
  UNIQUE KEY `id` (`id`),
  KEY `user_id` (`user_id`),
  CONSTRAINT `photo_albums_ibfk_1` FOREIGN KEY (`user_id`) REFERENCES `users` (`id`)
) ENGINE=InnoDB AUTO_INCREMENT=101 DEFAULT CHARSET=utf8 COLLATE=utf8_unicode_ci;

INSERT INTO `photo_albums` VALUES ('1','facilis','1'),
('2','velit','2'),
('3','asperiores','3'),
('4','sed','4'),
('5','rem','5'),
('6','deleniti','6'),
('7','facilis','7'),
('8','voluptas','8'),
('9','asperiores','9'),
('10','ea','10'),
('11','voluptatem','11'),
('12','amet','12'),
('13','ipsa','13'),
('14','quisquam','14'),
('15','cumque','15'),
('16','nihil','16'),
('17','sed','17'),
('18','reiciendis','18'),
('19','ut','19'),
('20','ut','20'),
('21','ut','21'),
('22','ipsam','22'),
('23','id','23'),
('24','possimus','24'),
('25','temporibus','25'),
('26','deserunt','26'),
('27','non','27'),
('28','quo','28'),
('29','voluptas','29'),
('30','iste','30'),
('31','magnam','31'),
('32','aut','32'),
('33','delectus','33'),
('34','laboriosam','34'),
('35','explicabo','35'),
('36','dignissimos','36'),
('37','omnis','37'),
('38','quae','38'),
('39','rerum','39'),
('40','error','40'),
('41','fugit','41'),
('42','sit','42'),
('43','omnis','43'),
('44','est','44'),
('45','autem','45'),
('46','adipisci','46'),
('47','non','47'),
('48','ex','48'),
('49','dolores','49'),
('50','numquam','50'),
('51','odit','51'),
('52','et','52'),
('53','sunt','53'),
('54','et','54'),
('55','repudiandae','55'),
('56','enim','56'),
('57','ad','57'),
('58','dolor','58'),
('59','asperiores','59'),
('60','ut','60'),
('61','quis','61'),
('62','expedita','62'),
('63','amet','63'),
('64','pariatur','64'),
('65','facere','65'),
('66','animi','66'),
('67','qui','67'),
('68','omnis','68'),
('69','architecto','69'),
('70','dolorem','70'),
('71','non','71'),
('72','et','72'),
('73','nisi','73'),
('74','sed','74'),
('75','autem','75'),
('76','illo','76'),
('77','in','77'),
('78','voluptas','78'),
('79','et','79'),
('80','praesentium','80'),
('81','repellat','81'),
('82','assumenda','82'),
('83','dolores','83'),
('84','impedit','84'),
('85','itaque','85'),
('86','ut','86'),
('87','dolores','87'),
('88','inventore','88'),
('89','esse','89'),
('90','ut','90'),
('91','rerum','91'),
('92','natus','92'),
('93','rem','93'),
('94','tempore','94'),
('95','harum','95'),
('96','fuga','96'),
('97','inventore','97'),
('98','deserunt','98'),
('99','aliquam','99'),
('100','est','100'); 


DROP TABLE IF EXISTS `photos`;
CREATE TABLE `photos` (
  `id` bigint(20) unsigned NOT NULL AUTO_INCREMENT,
  `album_id` bigint(20) unsigned NOT NULL,
  `media_id` bigint(20) unsigned NOT NULL,
  PRIMARY KEY (`id`),
  KEY `album_id` (`album_id`),
  KEY `media_id` (`media_id`),
  CONSTRAINT `photos_ibfk_1` FOREIGN KEY (`album_id`) REFERENCES `photo_albums` (`id`),
  CONSTRAINT `photos_ibfk_2` FOREIGN KEY (`media_id`) REFERENCES `media` (`id`)
) ENGINE=InnoDB AUTO_INCREMENT=101 DEFAULT CHARSET=utf8 COLLATE=utf8_unicode_ci;

INSERT INTO `photos` VALUES ('1','1','1'),
('2','2','2'),
('3','3','3'),
('4','4','4'),
('5','5','5'),
('6','6','6'),
('7','7','7'),
('8','8','8'),
('9','9','9'),
('10','10','10'),
('11','11','11'),
('12','12','12'),
('13','13','13'),
('14','14','14'),
('15','15','15'),
('16','16','16'),
('17','17','17'),
('18','18','18'),
('19','19','19'),
('20','20','20'),
('21','21','21'),
('22','22','22'),
('23','23','23'),
('24','24','24'),
('25','25','25'),
('26','26','26'),
('27','27','27'),
('28','28','28'),
('29','29','29'),
('30','30','30'),
('31','31','31'),
('32','32','32'),
('33','33','33'),
('34','34','34'),
('35','35','35'),
('36','36','36'),
('37','37','37'),
('38','38','38'),
('39','39','39'),
('40','40','40'),
('41','41','41'),
('42','42','42'),
('43','43','43'),
('44','44','44'),
('45','45','45'),
('46','46','46'),
('47','47','47'),
('48','48','48'),
('49','49','49'),
('50','50','50'),
('51','51','51'),
('52','52','52'),
('53','53','53'),
('54','54','54'),
('55','55','55'),
('56','56','56'),
('57','57','57'),
('58','58','58'),
('59','59','59'),
('60','60','60'),
('61','61','61'),
('62','62','62'),
('63','63','63'),
('64','64','64'),
('65','65','65'),
('66','66','66'),
('67','67','67'),
('68','68','68'),
('69','69','69'),
('70','70','70'),
('71','71','71'),
('72','72','72'),
('73','73','73'),
('74','74','74'),
('75','75','75'),
('76','76','76'),
('77','77','77'),
('78','78','78'),
('79','79','79'),
('80','80','80'),
('81','81','81'),
('82','82','82'),
('83','83','83'),
('84','84','84'),
('85','85','85'),
('86','86','86'),
('87','87','87'),
('88','88','88'),
('89','89','89'),
('90','90','90'),
('91','91','91'),
('92','92','92'),
('93','93','93'),
('94','94','94'),
('95','95','95'),
('96','96','96'),
('97','97','97'),
('98','98','98'),
('99','99','99'),
('100','100','100'); 


DROP TABLE IF EXISTS `profiles`;
CREATE TABLE `profiles` (
  `user_id` bigint(20) unsigned NOT NULL AUTO_INCREMENT,
  `gender` char(1) COLLATE utf8_unicode_ci DEFAULT NULL,
  `birthday` date DEFAULT NULL,
  `photo_id` bigint(20) unsigned DEFAULT NULL,
  `created_at` datetime DEFAULT current_timestamp(),
  `hometown` varchar(100) COLLATE utf8_unicode_ci DEFAULT NULL,
  PRIMARY KEY (`user_id`),
  CONSTRAINT `profiles_ibfk_1` FOREIGN KEY (`user_id`) REFERENCES `users` (`id`) ON UPDATE CASCADE
) ENGINE=InnoDB AUTO_INCREMENT=101 DEFAULT CHARSET=utf8 COLLATE=utf8_unicode_ci;

INSERT INTO `profiles` VALUES ('1','m','1976-03-11','1','1986-03-03 09:36:31','South'),
('2','m','1979-05-24','2','2000-03-06 10:31:13','New'),
('3','m','1995-02-02','3','2017-09-09 09:54:43','Lake'),
('4','m','2010-12-26','4','1971-05-17 03:59:00','Lake'),
('5','m','1989-11-18','5','2016-08-15 12:35:17','Port'),
('6','f','1986-04-07','6','2013-12-04 03:04:55','Port'),
('7','f','2004-10-27','7','1988-10-09 21:38:24','Lake'),
('8','m','1984-07-26','8','2017-08-23 07:53:59','North'),
('9','f','2004-03-17','9','1991-03-12 03:45:34','North'),
('10','m','1977-10-31','10','1984-01-01 12:45:44','South'),
('11','m','1995-05-08','11','1997-02-06 21:30:40','East'),
('12','m','1980-05-11','12','1998-01-12 17:18:05','Lake'),
('13','f','1995-06-19','13','2003-10-21 07:45:54','West'),
('14','m','2008-04-16','14','2007-07-03 19:26:01','East'),
('15','f','1976-03-06','15','1991-01-17 07:47:57','West'),
('16','m','2003-03-12','16','1989-12-16 18:49:12','North'),
('17','f','1970-09-23','17','2000-04-07 05:37:03','Port'),
('18','m','1981-03-31','18','2002-07-08 01:08:29','East'),
('19','f','1984-10-24','19','1983-10-18 03:51:59','New'),
('20','m','1989-11-22','20','1970-06-20 01:53:58','West'),
('21','m','1992-12-12','21','1989-10-23 10:32:36','North'),
('22','f','2009-01-25','22','1992-01-03 06:06:15','West'),
('23','m','2006-08-04','23','1977-03-06 04:26:46','South'),
('24','m','1983-09-21','24','1978-08-30 13:04:50','North'),
('25','m','1988-07-28','25','1996-01-03 21:23:27','Lake'),
('26','m','1988-01-06','26','1997-07-17 12:32:46','North'),
('27','m','1994-01-02','27','2020-02-08 10:47:07','East'),
('28','m','1998-12-04','28','1988-02-12 07:48:05','East'),
('29','f','1986-05-12','29','1987-06-08 02:11:09','East'),
('30','f','2014-06-02','30','2008-06-01 09:56:03','West'),
('31','m','2004-05-12','31','1994-03-29 20:00:38','New'),
('32','m','1976-01-10','32','1985-03-22 14:27:28','Lake'),
('33','m','1999-03-22','33','1985-11-18 12:28:51','South'),
('34','f','1997-06-16','34','2003-02-28 13:19:51','New'),
('35','f','1974-09-19','35','1998-02-20 01:17:31','South'),
('36','f','2001-11-22','36','1999-08-11 12:24:56','South'),
('37','f','2009-03-05','37','2006-12-30 20:28:40','West'),
('38','m','1994-06-07','38','2015-08-31 19:12:40','North'),
('39','m','1985-04-27','39','2000-08-22 23:52:40','South'),
('40','f','1986-05-02','40','1992-09-12 08:26:22','North'),
('41','m','2015-08-04','41','2002-11-29 21:24:43','New'),
('42','f','1975-07-10','42','1980-12-07 19:10:25','Lake'),
('43','f','2006-07-06','43','1973-01-29 09:47:54','East'),
('44','m','1979-04-04','44','1998-08-19 15:39:25','South'),
('45','f','1975-02-08','45','2017-10-05 14:37:41','South'),
('46','m','2016-06-05','46','1981-09-09 06:31:51','North'),
('47','f','2003-12-01','47','1991-09-04 22:32:12','New'),
('48','m','2016-10-16','48','1992-08-17 21:07:31','South'),
('49','m','2014-04-09','49','1977-08-12 19:58:13','East'),
('50','m','1997-08-22','50','2017-09-19 22:34:08','East'),
('51','m','2004-08-05','51','2013-07-25 14:12:28','Port'),
('52','f','2007-05-01','52','1981-01-22 10:53:12','South'),
('53','m','2005-11-20','53','2003-10-15 04:13:34','New'),
('54','m','1985-01-23','54','2010-12-14 22:37:37','Port'),
('55','m','2019-11-29','55','2007-07-04 15:41:49','East'),
('56','m','1970-11-25','56','2006-02-12 09:29:40','West'),
('57','f','2011-06-28','57','1996-07-28 04:01:51','New'),
('58','m','1982-08-11','58','2017-01-14 20:41:34','Port'),
('59','m','2005-03-30','59','2002-12-08 23:02:51','North'),
('60','f','2008-04-18','60','2010-04-02 11:58:46','South'),
('61','f','1995-11-26','61','2009-07-07 04:50:39','Lake'),
('62','f','2006-05-07','62','1994-03-22 03:42:54','North'),
('63','m','1986-09-04','63','2013-05-19 15:12:58','Lake'),
('64','m','2011-09-02','64','1989-12-05 07:00:55','North'),
('65','m','2003-01-28','65','2002-06-02 04:36:16','East'),
('66','m','2010-01-25','66','1972-05-11 11:00:39','Lake'),
('67','f','2016-06-12','67','1972-01-18 20:48:10','East'),
('68','m','2013-06-23','68','1993-06-20 01:35:53','North'),
('69','m','1993-04-01','69','1993-01-03 16:06:17','West'),
('70','m','1991-02-25','70','2019-03-10 08:39:48','North'),
('71','f','1975-11-22','71','2003-10-18 03:44:37','Lake'),
('72','m','2019-09-08','72','2007-09-08 09:55:14','South'),
('73','m','1982-01-16','73','1996-01-17 06:35:05','North'),
('74','m','2011-10-07','74','2015-08-07 01:28:14','Port'),
('75','m','1995-07-12','75','1989-07-15 05:37:39','North'),
('76','m','2007-01-09','76','1988-08-21 22:18:42','South'),
('77','m','1988-07-01','77','1975-06-16 07:11:46','East'),
('78','m','2012-04-15','78','2003-08-13 13:24:56','North'),
('79','f','1987-08-15','79','2005-07-23 02:07:52','North'),
('80','m','1991-05-31','80','1980-12-08 18:52:53','North'),
('81','f','2004-02-21','81','2003-09-27 18:13:04','Lake'),
('82','m','1970-04-12','82','1998-05-01 18:52:51','East'),
('83','f','1996-12-08','83','2006-05-30 21:07:19','Port'),
('84','m','1984-04-14','84','2016-04-19 01:31:25','South'),
('85','f','2018-07-26','85','1976-09-15 08:07:02','New'),
('86','m','1989-01-20','86','1972-12-31 15:33:51','New'),
('87','m','1977-05-25','87','1992-06-22 01:59:01','New'),
('88','m','1973-10-14','88','1991-03-11 09:13:13','Lake'),
('89','m','1993-01-17','89','1971-04-01 09:08:25','West'),
('90','f','2007-10-24','90','1991-05-28 03:06:31','North'),
('91','f','1976-11-17','91','1971-07-02 16:24:35','East'),
('92','f','2019-10-17','92','1999-10-18 16:09:55','Port'),
('93','m','2011-09-09','93','1980-12-06 21:09:41','West'),
('94','f','1976-07-14','94','1991-10-08 07:28:26','South'),
('95','m','1981-01-04','95','1983-02-21 14:18:08','Lake'),
('96','m','2013-12-28','96','2018-01-14 03:02:40','West'),
('97','f','1996-07-20','97','1999-03-05 12:24:33','South'),
('98','f','2006-06-05','98','1988-11-22 20:16:01','South'),
('99','m','2004-07-13','99','1983-10-07 21:15:57','Port'),
('100','f','2008-10-25','100','2004-12-30 16:30:43','South'); 


DROP TABLE IF EXISTS `users`;
CREATE TABLE `users` (
  `id` bigint(20) unsigned NOT NULL AUTO_INCREMENT,
  `firstname` varchar(50) COLLATE utf8_unicode_ci DEFAULT NULL,
  `lastname` varchar(50) COLLATE utf8_unicode_ci DEFAULT NULL COMMENT '',
  `email` varchar(120) COLLATE utf8_unicode_ci DEFAULT NULL,
  `phone` bigint(20) DEFAULT NULL,
  PRIMARY KEY (`id`),
  UNIQUE KEY `email` (`email`),
  KEY `users_phone_idx` (`phone`),
  KEY `users_firstname_lastname_idx` (`firstname`,`lastname`)
) ENGINE=InnoDB AUTO_INCREMENT=101 DEFAULT CHARSET=utf8 COLLATE=utf8_unicode_ci;

INSERT INTO `users` VALUES ('1','Sherman','Rempel','josefina98@example.com','339'),
('2','Saul','Abernathy','dwisoky@example.net','927'),
('3','Judd','Stehr','nicole02@example.org','0'),
('4','Hermina','Smith','arau@example.net','609'),
('5','Malika','Okuneva','kathryne78@example.com','145'),
('6','Novella','Glover','hreichel@example.net','0'),
('7','Abigayle','Schmeler','jose.dibbert@example.net','853'),
('8','Chauncey','Huels','kira03@example.org','0'),
('9','Megane','Windler','kaley.blick@example.org','0'),
('10','Bell','Howell','darrell77@example.com','1'),
('11','Ashleigh','Pouros','tmckenzie@example.com','2015259875'),
('12','Amya','Reynolds','chyatt@example.com','519'),
('13','Ettie','Schiller','orion.crist@example.net','402'),
('14','April','Upton','vhyatt@example.net','1'),
('15','Annamarie','Tromp','nicolette.krajcik@example.net','1'),
('16','Broderick','Ryan','agustin48@example.org','711'),
('17','Gabriel','Ernser','austen11@example.org','324'),
('18','Morton','Dach','bins.ashlynn@example.org','809066'),
('19','Khalid','Bogan','vkeebler@example.net','0'),
('20','Cale','Dach','xheller@example.org','1'),
('21','Katlynn','Durgan','leora57@example.org','330904'),
('22','Lottie','Kiehn','sschimmel@example.com','31343'),
('23','Lisette','Sipes','zgaylord@example.net','611'),
('24','Preston','Steuber','brian.steuber@example.org','491'),
('25','Aiden','Okuneva','ondricka.wendell@example.org','56'),
('26','Hailie','Kilback','wilfred.daugherty@example.net','43'),
('27','Sadie','Walsh','conroy.kaylin@example.org','0'),
('28','Una','Torp','schuppe.julio@example.org','1'),
('29','Willow','Cartwright','shanie.hermann@example.net','343524'),
('30','Bridie','Kris','peyton25@example.net','444559'),
('31','Ferne','Wisoky','ryan.beau@example.net','608'),
('32','Nicolette','Hamill','greenholt.chet@example.com','1253528256'),
('33','Dayton','Carroll','lorenz.denesik@example.org','208'),
('34','Jennie','Considine','imani60@example.org','554'),
('35','Fatima','Dach','khodkiewicz@example.com','1'),
('36','Rasheed','Parker','evans47@example.org','0'),
('37','Shanon','McCullough','collins.coralie@example.com','1'),
('38','Zoe','Osinski','dicki.janelle@example.org','225523'),
('39','Marquis','Gorczany','osinski.shanon@example.org','461'),
('40','Janessa','Halvorson','jasper16@example.net','0'),
('41','Jayde','Towne','babbott@example.com','85'),
('42','Lenny','Mayert','ezekiel70@example.org','821'),
('43','Demetrius','Quigley','leola.hamill@example.org','261005'),
('44','Norberto','Flatley','stan.ryan@example.com','902705'),
('45','Erika','Bahringer','renner.jocelyn@example.net','372'),
('46','Tad','Kulas','okuneva.jada@example.com','328'),
('47','Leonie','Parker','ambrose.harber@example.com','51'),
('48','Clint','Weissnat','elsie.kautzer@example.net','74'),
('49','Elda','Moore','bert63@example.net','759'),
('50','Celestine','Murphy','uborer@example.net','99'),
('51','Name','Emard','eichmann.tavares@example.org','53'),
('52','Cyrus','Becker','nbernhard@example.net','488700'),
('53','Naomie','Upton','emmerich.delia@example.net','1'),
('54','Giuseppe','Wilderman','daniel.eleanora@example.org','874098'),
('55','Concepcion','Russel','jules85@example.org','502'),
('56','Audra','Rowe','cryan@example.org','0'),
('57','Grayce','Kutch','blanda.felicity@example.net','0'),
('58','Arvid','Eichmann','srosenbaum@example.net','852403'),
('59','Herman','Rippin','koepp.muriel@example.org','76'),
('60','Francisco','Fay','crystel02@example.org','40'),
('61','Adrianna','Herman','hayes.laney@example.com','542713'),
('62','Lon','McDermott','zhilll@example.com','0'),
('63','Alvera','Hammes','wilton.doyle@example.net','28474'),
('64','Tre','Fay','jthiel@example.net','0'),
('65','Elaina','Von','alayna38@example.net','0'),
('66','Rodrigo','Schuppe','ngislason@example.com','1'),
('67','Ruby','Kilback','alphonso55@example.org','0'),
('68','Bradley','Tillman','o\'reilly.murphy@example.com','25'),
('69','Ned','Heathcote','krystina.schmitt@example.com','0'),
('70','Kaylee','Gutmann','velda.nicolas@example.com','203'),
('71','Janae','Leannon','fred07@example.org','1'),
('72','Kaylin','Kilback','keeling.macie@example.org','532'),
('73','Janie','Stanton','johns.helena@example.com','1'),
('74','Macie','Fay','becker.susana@example.net','0'),
('75','Alexandro','Gutkowski','reina.o\'connell@example.com','386'),
('76','Flavio','Kub','claudie19@example.net','1'),
('77','Maximilian','Walter','qmitchell@example.net','887'),
('78','Bennett','Franecki','lorna.marquardt@example.net','562683'),
('79','Garnet','Reichert','wiza.adrienne@example.org','0'),
('80','Lysanne','Will','fauer@example.com','86'),
('81','Toni','Koch','renner.leanna@example.net','112'),
('82','Edwardo','Stokes','sebert@example.org','157'),
('83','Travis','Kertzmann','stoltenberg.baron@example.org','142945'),
('84','Corrine','Rowe','jettie.nitzsche@example.org','323'),
('85','Darlene','Crist','flind@example.com','528'),
('86','Sally','Carter','krutherford@example.com','42'),
('87','Barrett','Jerde','madisyn.murphy@example.org','185648'),
('88','Dorthy','Kunde','corkery.leo@example.net','117671'),
('89','Antwon','Gislason','wyman.vickie@example.com','0'),
('90','Mohammed','Gutkowski','hyman.goyette@example.net','5379756149'),
('91','Maribel','Rau','jbuckridge@example.com','82'),
('92','Nasir','Jakubowski','gus.schimmel@example.net','1'),
('93','Ray','Rice','stephany.williamson@example.org','0'),
('94','Hazel','Kris','cbuckridge@example.net','441'),
('95','Crystel','Farrell','linnie10@example.net','1'),
('96','Santa','Heller','kenyon30@example.org','1'),
('97','Fleta','Schamberger','crist.susanna@example.net','0'),
('98','Oma','Schaden','uschmeler@example.com','0'),
('99','Eve','Stehr','cartwright.waylon@example.com','684'),
('100','Clementina','Franecki','kessler.madie@example.org','0'); 


DROP TABLE IF EXISTS `users_communities`;
CREATE TABLE `users_communities` (
  `user_id` bigint(20) unsigned NOT NULL,
  `community_id` bigint(20) unsigned NOT NULL,
  PRIMARY KEY (`user_id`,`community_id`),
  KEY `community_id` (`community_id`),
  CONSTRAINT `users_communities_ibfk_1` FOREIGN KEY (`user_id`) REFERENCES `users` (`id`),
  CONSTRAINT `users_communities_ibfk_2` FOREIGN KEY (`community_id`) REFERENCES `communities` (`id`)
) ENGINE=InnoDB DEFAULT CHARSET=utf8 COLLATE=utf8_unicode_ci;

INSERT INTO `users_communities` VALUES ('1','1'),
('2','2'),
('3','3'),
('4','4'),
('5','5'),
('6','6'),
('7','7'),
('8','8'),
('9','9'),
('10','10'),
('11','11'),
('12','12'),
('13','13'),
('14','14'),
('15','15'),
('16','16'),
('17','17'),
('18','18'),
('19','19'),
('20','20'),
('21','21'),
('22','22'),
('23','23'),
('24','24'),
('25','25'),
('26','26'),
('27','27'),
('28','28'),
('29','29'),
('30','30'),
('31','31'),
('32','32'),
('33','33'),
('34','34'),
('35','35'),
('36','36'),
('37','37'),
('38','38'),
('39','39'),
('40','40'),
('41','41'),
('42','42'),
('43','43'),
('44','44'),
('45','45'),
('46','46'),
('47','47'),
('48','48'),
('49','49'),
('50','50'),
('51','51'),
('52','52'),
('53','53'),
('54','54'),
('55','55'),
('56','56'),
('57','57'),
('58','58'),
('59','59'),
('60','60'),
('61','61'),
('62','62'),
('63','63'),
('64','64'),
('65','65'),
('66','66'),
('67','67'),
('68','68'),
('69','69'),
('70','70'),
('71','71'),
('72','72'),
('73','73'),
('74','74'),
('75','75'),
('76','76'),
('77','77'),
('78','78'),
('79','79'),
('80','80'),
('81','81'),
('82','82'),
('83','83'),
('84','84'),
('85','85'),
('86','86'),
('87','87'),
('88','88'),
('89','89'),
('90','90'),
('91','91'),
('92','92'),
('93','93'),
('94','94'),
('95','95'),
('96','96'),
('97','97'),
('98','98'),
('99','99'),
('100','100'); 




/*!40101 SET SQL_MODE=@OLD_SQL_MODE */;
/*!40014 SET FOREIGN_KEY_CHECKS=@OLD_FOREIGN_KEY_CHECKS */;
/*!40014 SET UNIQUE_CHECKS=@OLD_UNIQUE_CHECKS */;
/*!40101 SET CHARACTER_SET_CLIENT=@OLD_CHARACTER_SET_CLIENT */;
/*!40101 SET CHARACTER_SET_RESULTS=@OLD_CHARACTER_SET_RESULTS */;
/*!40101 SET COLLATION_CONNECTION=@OLD_COLLATION_CONNECTION */;
/*!40111 SET SQL_NOTES=@OLD_SQL_NOTES */;

